Keyword,Avg. monthly searches,Three month change,YoY change,Competition,Competition (indexed value),Top of page bid (low range),Top of page bid (high range),Ad impression share,Organic impression share,Organic average position,In account?,In plan?,Searches: Nov 2024,Searches: Dec 2024,Searches: Jan 2025,Searches: Feb 2025,Searches: Mar 2025,Searches: Apr 2025,Searches: May 2025,Searches: Jun 2025,Searches: Jul 2025,Searches: Aug 2025,Searches: Sep 2025,Searches: Oct 2025
data annotation,500000.0,0,9,Low,27.0,0.2,3.24,,,,,Y,,,,,,,,,,,,
dataset annotation,500000.0,0,9,Low,27.0,0.2,3.24,,,,,,,,,,,,,,,,,
data notation,500000.0,0,9,Low,27.0,0.2,3.24,,,,,,,,,,,,,,,,,
pdf markup software,5000.0,0,9,Low,6.0,2.59,8.27,,,,,,,,,,,,,,,,,
pdf markup program,5000.0,0,9,Low,6.0,2.59,8.27,,,,,,,,,,,,,,,,,
pdf annotation,5000.0,0,0,Medium,54.0,0.99,2.44,,,,,Y,,,,,,,,,,,,
data labelling,5000.0,0,0,Low,18.0,4.33,26.0,,,,,,,,,,,,,,,,,
ai annotation,5000.0,0,0,Medium,51.0,1.98,6.16,,,,,,,,,,,,,,,,,
data annotation companies,5000.0,0,0,Medium,40.0,1.65,19.0,,,,,,,,,,,,,,,,,
annotation ai,5000.0,0,0,Medium,43.0,1.61,4.61,,,,,,,,,,,,,,,,,
drawboard pdf,5000.0,0,0,Low,3.0,0.5,2.1,,,,,,,,,,,,,,,,,
ai annotator,5000.0,0,0,Medium,51.0,1.98,6.16,,,,,,,,,,,,,,,,,
pdf highlight,5000.0,0,0,High,68.0,0.83,3.03,,,,,,,,,,,,,,,,,
highlighting pdf document,5000.0,0,0,High,68.0,0.83,3.03,,,,,,,,,,,,,,,,,
appen data annotation,5000.0,-0.9,9,Low,2.0,2.19,15.0,,,,,,,,,,,,,,,,,
data annotation training,500.0,9,9,High,71.0,2.71,10.17,,,,,,,,,,,,,,,,,
adobe reader annotate,500.0,9,9,Low,0.0,,,,,,,,,,,,,,,,,,,
adobe acrobat reader annotate,500.0,9,9,Low,0.0,,,,,,,,,,,,,,,,,,,
scale ai data labeling,500.0,0,9,Low,21.0,3.98,15.0,,,,,,,,,,,,,,,,,
adobe annotate,500.0,0,9,Medium,63.0,1.09,2.26,,,,,,,,,,,,,,,,,
annotate pdf android,500.0,0,9,Low,4.0,0.7,2.05,,,,,,,,,,,,,,,,,
goodnotes annotate pdf,500.0,0,9,Low,0.0,,,,,,,,,,,,,,,,,,,
goodnotes pdf annotation,500.0,0,9,Low,0.0,,,,,,,,,,,,,,,,,,,
xodo pdf annotator,500.0,0,9,Low,10.0,1.01,3.29,,,,,,,,,,,,,,,,,
document annotation,500.0,0,0,Medium,34.0,1.65,4.15,,,,,,,,,,,,,,,,,
automatic annotation,500.0,0,0,Medium,39.0,1.96,5.93,,,,,,,,,,,,,,,,,
automatic labelling,500.0,0,0,Low,23.0,2.97,20.25,,,,,,,,,,,,,,,,,
ai labelling,500.0,0,0,Low,10.0,2.38,10.16,,,,,,,,,,,,,,,,,
data labeling companies,500.0,0,0,Low,33.0,4.96,21.79,,,,,,,,,,,,,,,,,
pdf annotator free,500.0,0,0,High,78.0,1.42,2.9,,,,,,,,,,,,,,,,,
annotate pdf online,500.0,0,0,Medium,65.0,1.35,3.28,,,,,,,,,,,,,,,,,
ai data labeling,500.0,0,0,Medium,39.0,2.89,10.44,,,,,,,,,,,,,,,,,
ai annotation tool,500.0,0,0,Medium,40.0,2.87,8.72,,,,,,,,,,,,,,,,,
auto annotation,500.0,0,0,Medium,39.0,1.96,5.93,,,,,,,,,,,,,,,,,
auto labeling,500.0,0,0,Low,23.0,2.97,20.25,,,,,,,,,,,,,,,,,
adobe pdf annotator,500.0,0,0,Medium,55.0,1.25,3.04,,,,,,,,,,,,,,,,,
pdf annotation software,500.0,0,0,Low,22.0,2.24,6.4,,,,,,,,,,,,,,,,,
pdf annotation tool,500.0,0,0,Low,9.0,1.67,5.1,,,,,,,,,,,,,,,,,
ai data annotation,500.0,0,0,Medium,53.0,2.1,9.42,,,,,,,,,,,,,,,,,
data annotation ai,500.0,0,0,Medium,46.0,0.8,7.77,,,,,,,,,,,,,,,,,
annotate with kami,500.0,0,0,Low,3.0,1.03,2.47,,,,,,,,,,,,,,,,,
automated labeling,500.0,0,0,Low,23.0,2.97,20.25,,,,,,,,,,,,,,,,,
annotating data,500.0,0,0,Low,18.0,0.54,7.42,,,,,,,,,,,,,,,,,
automatic labeling,500.0,0,0,Low,23.0,2.97,20.25,,,,,,,,,,,,,,,,,
labelling dataset,500.0,0,0,Low,3.0,2.08,26.0,,,,,,,,,,,,,,,,,
pdf annotation free,500.0,0,0,High,78.0,1.42,2.9,,,,,,,,,,,,,,,,,
data annotation meaning,500.0,0,0,Low,0.0,,,,,,,,,,,,,,,,,,,
ai data labelling jobs,500.0,0,0,Low,21.0,0.63,3.37,,,,,,,,,,,,,,,,,
chrome annotate pdf,500.0,0,0,Medium,45.0,1.0,3.75,,,,,,,,,,,,,,,,,
classification labels,500.0,0,0,Low,12.0,0.68,13.41,,,,,,,,,,,,,,,,,
annotate a pdf on ipad,500.0,0,0,Low,1.0,0.09,2.01,,,,,,,,,,,,,,,,,
annotate pdf google drive,500.0,0,0,Low,15.0,1.28,3.3,,,,,,,,,,,,,,,,,
annotate pdf in google drive,500.0,0,0,Low,15.0,1.28,3.3,,,,,,,,,,,,,,,,,
annotate pdf in ipad,500.0,0,0,Low,1.0,0.09,2.01,,,,,,,,,,,,,,,,,
annotation tool in pdf,500.0,0,0,Low,9.0,1.67,5.1,,,,,,,,,,,,,,,,,
chromebook pdf annotation,500.0,0,0,Medium,45.0,1.0,3.75,,,,,,,,,,,,,,,,,
comment on pdf document,500.0,0,0,Medium,43.0,1.23,5.1,,,,,,,,,,,,,,,,,
data annotation example,500.0,0,0,Low,4.0,0.87,4.98,,,,,,,,,,,,,,,,,
google drive pdf annotation,500.0,0,0,Low,15.0,1.28,3.3,,,,,,,,,,,,,,,,,
highlight pdf reader,500.0,0,0,Low,3.0,0.82,2.84,,,,,,,,,,,,,,,,,
ipad markup pdf,500.0,0,0,Low,7.0,0.88,2.41,,,,,,,,,,,,,,,,,
pdf annotation software mac,500.0,0,0,Medium,48.0,1.96,4.85,,,,,,,,,,,,,,,,,
pdf annotator chromebook,500.0,0,0,Medium,45.0,1.0,3.75,,,,,,,,,,,,,,,,,
pdf markup for ipad,500.0,0,0,Low,7.0,0.88,2.41,,,,,,,,,,,,,,,,,
pdf markup on ipad,500.0,0,0,Low,7.0,0.88,2.41,,,,,,,,,,,,,,,,,
pdf markup,500.0,0,-0.9,Medium,64.0,1.67,4.98,,,,,,,,,,,,,,,,,
draw on pdf online,500.0,0,-0.9,High,68.0,1.01,2.69,,,,,,,,,,,,,,,,,
automated data labeling,500.0,0,-0.9,Low,12.0,4.34,12.6,,,,,,,,,,,,,,,,,
machine learning labeling,500.0,0,-0.9,Low,3.0,2.34,13.56,,,,,,,,,,,,,,,,,
free pdf highlighter online,500.0,0,-0.9,High,78.0,0.73,2.01,,,,,,,,,,,,,,,,,
draw on a pdf online,500.0,0,-0.9,High,68.0,1.01,2.69,,,,,,,,,,,,,,,,,
draw in pdf online,500.0,0,-0.9,High,68.0,1.01,2.69,,,,,,,,,,,,,,,,,
markup pdf document,500.0,0,-0.9,Medium,64.0,1.67,4.98,,,,,,,,,,,,,,,,,
pdf annotations meaning,500.0,0,-0.9,Low,0.0,,,,,,,,,,,,,,,,,,,
semi supervised learning example,500.0,0,-0.9,Low,0.0,,,,,,,,,,,,,,,,,,,
semi automatic labeling machine,500.0,-0.9,0,High,100.0,2.68,14.81,,,,,,,,,,,,,,,,,
semi auto labelling machine,500.0,-0.9,0,High,100.0,2.68,14.81,,,,,,,,,,,,,,,,,
free pdf markup software,500.0,-0.9,-0.9,High,77.0,1.39,3.45,,,,,,,,,,,,,,,,,
annotate pdf windows,500.0,-0.9,-0.9,Medium,36.0,1.61,4.53,,,,,,,,,,,,,,,,,
annotating pdfs on windows,500.0,-0.9,-0.9,Medium,36.0,1.61,4.53,,,,,,,,,,,,,,,,,
data annotation remote,500.0,-0.9,-0.9,Low,23.0,0.37,2.88,,,,,,,,,,,,,,,,,
free pdf markup program,500.0,-0.9,-0.9,High,77.0,1.39,3.45,,,,,,,,,,,,,,,,,
pdf annotation software windows,500.0,-0.9,-0.9,Medium,36.0,1.61,4.53,,,,,,,,,,,,,,,,,
machine learning data tagging,50.0,∞,∞,High,86.0,,,,,,,,,,,,,,,,,,,
online document annotation,50.0,∞,∞,High,86.0,,,,,,,,,,,,,,,,,,,
angular pdf annotation,50.0,∞,∞,Low,29.0,,,,,,,,,,,,,,,,,,,
drawing pdf editor,50.0,∞,∞,High,100.0,,,,,,,,,,,,,,,,,,,
adobe acrobat pro dc markup tools,50.0,∞,∞,Low,0.0,,,,,,,,,,,,,,,,,,,
allen bailey shellfish tags,50.0,∞,∞,Low,0.0,,,,,,,,,,,,,,,,,,,
annotate pdf firefox,50.0,∞,∞,Low,0.0,,,,,,,,,,,,,,,,,,,
annotate pdf ipad pencil,50.0,∞,∞,Low,0.0,,,,,,,,,,,,,,,,,,,
annotator for clinical data,50.0,∞,∞,Low,0.0,,,,,,,,,,,,,,,,,,,
ansi nema z535 4 2011,50.0,∞,∞,Medium,52.0,,,,,,,,,,,,,,,,,,,
avery labels from csv,50.0,∞,∞,Low,0.0,,,,,,,,,,,,,,,,,,,
chrome os pdf annotation,50.0,∞,∞,Low,0.0,,,,,,,,,,,,,,,,,,,
cvat auto annotation custom model,50.0,∞,∞,Low,0.0,,,,,,,,,,,,,,,,,,,
data annotation use,50.0,∞,∞,Low,0.0,,,,,,,,,,,,,,,,,,,
download drawboard pdf for pc,50.0,∞,∞,Low,0.0,,,,,,,,,,,,,,,,,,,
download pdf annotator for windows 10,50.0,∞,∞,High,86.0,,,,,,,,,,,,,,,,,,,
draw notes on pdf,50.0,∞,∞,Low,14.0,,,,,,,,,,,,,,,,,,,
draw on a pdf in adobe acrobat,50.0,∞,∞,Low,14.0,,,,,,,,,,,,,,,,,,,
draw on pdf free software,50.0,∞,∞,High,71.0,,,,,,,,,,,,,,,,,,,
drawboard pdf windows 7,50.0,∞,∞,Low,0.0,,,,,,,,,,,,,,,,,,,
groupdocs annotation,50.0,∞,∞,Low,0.0,,,,,,,,,,,,,,,,,,,
label vector machine learning,50.0,∞,∞,Low,0.0,,,,,,,,,,,,,,,,,,,
machine learning for aerial image labeling,50.0,∞,∞,Low,14.0,,,,,,,,,,,,,,,,,,,
markup pdf with surface pen,50.0,∞,∞,Low,0.0,,,,,,,,,,,,,,,,,,,
on screen annotation in the pdf file,50.0,∞,∞,Low,0.0,,,,,,,,,,,,,,,,,,,
pdf add text comment tool,50.0,∞,∞,High,86.0,,,,,,,,,,,,,,,,,,,
pdf annotator free download for windows 10,50.0,∞,∞,Medium,57.0,,,,,,,,,,,,,,,,,,,
pdf highlighter software free download,50.0,∞,∞,Low,14.0,,,,,,,,,,,,,,,,,,,
tableau treemap labels,50.0,∞,∞,Low,0.0,,,,,,,,,,,,,,,,,,,
telus annotator,50.0,∞,∞,High,71.0,,,,,,,,,,,,,,,,,,,
telus web annotator,50.0,∞,∞,Low,0.0,,,,,,,,,,,,,,,,,,,
vba data labels,50.0,∞,∞,Low,0.0,,,,,,,,,,,,,,,,,,,
crowdsourcing data labeling,50.0,∞,0,Low,0.0,,,,,,,,,,,,,,,,,,,
yolo auto labeling,50.0,∞,0,Low,7.0,,,,,,,,,,,,,,,,,,,
cogito annotation,50.0,∞,0,Medium,40.0,,,,,,,,,,,,,,,,,,,
markup pdf online free,50.0,∞,0,High,81.0,1.18,3.27,,,,,,,,,,,,,,,,,
pdf markup free online,50.0,∞,0,High,100.0,2.05,5.1,,,,,,,,,,,,,,,,,
pdf annotator 9,50.0,∞,0,Low,0.0,,,,,,,,,,,,,,,,,,,
ml data labeling process,50.0,∞,0,High,100.0,,,,,,,,,,,,,,,,,,,
office 365 classification labels,50.0,∞,0,Low,14.0,,,,,,,,,,,,,,,,,,,
active learning for data annotation,50.0,∞,0,Low,0.0,,,,,,,,,,,,,,,,,,,
add comment adobe acrobat,50.0,∞,0,Low,4.0,,,,,,,,,,,,,,,,,,,
add comments in pdf adobe reader,50.0,∞,0,Low,0.0,,,,,,,,,,,,,,,,,,,
add comments to pdf chrome,50.0,∞,0,Low,0.0,,,,,,,,,,,,,,,,,,,
add note to pdf online,50.0,∞,0,Medium,43.0,,,,,,,,,,,,,,,,,,,
adobe annotator free download,50.0,∞,0,High,100.0,1.65,3.11,,,,,,,,,,,,,,,,,
amazon mechanical turk image labeling,50.0,∞,0,Low,0.0,,,,,,,,,,,,,,,,,,,
annotate pdf adobe acrobat,50.0,∞,0,Low,29.0,,,,,,,,,,,,,,,,,,,
annotate word document with stylus,50.0,∞,0,Low,0.0,,,,,,,,,,,,,,,,,,,
annotation in data science,50.0,∞,0,Low,0.0,,,,,,,,,,,,,,,,,,,
annotation ml,50.0,∞,0,Low,0.0,,,,,,,,,,,,,,,,,,,
apple pencil highlight pdf,50.0,∞,0,Low,0.0,,,,,,,,,,,,,,,,,,,
apple pencil pdf ipad,50.0,∞,0,Low,0.0,,,,,,,,,,,,,,,,,,,
application to draw on pdf,50.0,∞,0,High,100.0,,,,,,,,,,,,,,,,,,,
automatic bopp labeling machine,50.0,∞,0,Medium,50.0,,,,,,,,,,,,,,,,,,,
automatic water bottle labeling machine,50.0,∞,0,High,100.0,,,,,,,,,,,,,,,,,,,
best pdf markup mac,50.0,∞,0,Medium,57.0,,,,,,,,,,,,,,,,,,,
best way to markup a pdf on ipad,50.0,∞,0,Low,0.0,,,,,,,,,,,,,,,,,,,
cifar 10 dataset labels,50.0,∞,0,Low,0.0,,,,,,,,,,,,,,,,,,,
crowdsourcing labeling,50.0,∞,0,Low,0.0,,,,,,,,,,,,,,,,,,,
draw on pdf pc,50.0,∞,0,Medium,43.0,,,,,,,,,,,,,,,,,,,
draw on pdf windows 10,50.0,∞,0,Low,0.0,,,,,,,,,,,,,,,,,,,
drawboard pdf download free,50.0,∞,0,Low,0.0,,,,,,,,,,,,,,,,,,,
drawing on pdf windows,50.0,∞,0,Low,0.0,,,,,,,,,,,,,,,,,,,
evernote highlight pdf,50.0,∞,0,Low,0.0,,,,,,,,,,,,,,,,,,,
geom_histogram labels,50.0,∞,0,Low,5.0,,,,,,,,,,,,,,,,,,,
goodnotes pdf reader,50.0,∞,0,Low,0.0,,,,,,,,,,,,,,,,,,,
google cloud image labeling,50.0,∞,0,Low,0.0,,,,,,,,,,,,,,,,,,,
google drive add comments to pdf,50.0,∞,0,Low,0.0,,,,,,,,,,,,,,,,,,,
handwrite on pdf windows,50.0,∞,0,Low,0.0,,,,,,,,,,,,,,,,,,,
highlight on pdf mac,50.0,∞,0,Low,0.0,,,,,,,,,,,,,,,,,,,
iannotate free,50.0,∞,0,Low,14.0,,,,,,,,,,,,,,,,,,,
intelligent data classification and labeling,50.0,∞,0,Low,14.0,,,,,,,,,,,,,,,,,,,
kitti dataset labels,50.0,∞,0,Low,0.0,,,,,,,,,,,,,,,,,,,
label and unlabeled data,50.0,∞,0,Low,0.0,,,,,,,,,,,,,,,,,,,
label data stata,50.0,∞,0,Low,0.0,,,,,,,,,,,,,,,,,,,
label in dataset,50.0,∞,0,Low,0.0,,,,,,,,,,,,,,,,,,,
label power bi,50.0,∞,0,Low,0.0,,,,,,,,,,,,,,,,,,,
labelled data and unlabelled data,50.0,∞,0,Low,0.0,,,,,,,,,,,,,,,,,,,
labelled data in ml,50.0,∞,0,Low,14.0,,,,,,,,,,,,,,,,,,,
labels csv,50.0,∞,0,Low,0.0,,,,,,,,,,,,,,,,,,,
linux pdf viewer with annotations,50.0,∞,0,Low,0.0,,,,,,,,,,,,,,,,,,,
machine learning unlabeled data,50.0,∞,0,Low,0.0,,,,,,,,,,,,,,,,,,,
nfpa hazard identification symbol,50.0,∞,0,Low,0.0,,,,,,,,,,,,,,,,,,,
onedrive annotate pdf,50.0,∞,0,Low,0.0,,,,,,,,,,,,,,,,,,,
pdf annotation google drive,50.0,∞,0,Low,7.0,,,,,,,,,,,,,,,,,,,
pdf annotator for linux,50.0,∞,0,Low,0.0,,,,,,,,,,,,,,,,,,,
pdf annotator for windows 7,50.0,∞,0,Medium,43.0,,,,,,,,,,,,,,,,,,,
pdf annotator gratis,50.0,∞,0,High,86.0,,,,,,,,,,,,,,,,,,,
pdf expert annotate,50.0,∞,0,Low,14.0,,,,,,,,,,,,,,,,,,,
pdf highlighter linux,50.0,∞,0,Low,0.0,,,,,,,,,,,,,,,,,,,
pdf js highlight annotation,50.0,∞,0,Low,14.0,,,,,,,,,,,,,,,,,,,
pdf reader highlight notes windows,50.0,∞,0,Low,0.0,,,,,,,,,,,,,,,,,,,
pdf reader notes highlight,50.0,∞,0,High,71.0,,,,,,,,,,,,,,,,,,,
power bi scatter chart category label,50.0,∞,0,Low,0.0,,,,,,,,,,,,,,,,,,,
python data labeling,50.0,∞,0,Low,14.0,,,,,,,,,,,,,,,,,,,
sharepoint classification labels,50.0,∞,0,Low,5.0,,,,,,,,,,,,,,,,,,,
supervised learning label,50.0,∞,0,Low,0.0,,,,,,,,,,,,,,,,,,,
tableau box and whisker labels,50.0,∞,0,Low,0.0,,,,,,,,,,,,,,,,,,,
unsupervised labeling,50.0,∞,0,Low,0.0,,,,,,,,,,,,,,,,,,,
vba chart data labels,50.0,∞,0,Low,0.0,,,,,,,,,,,,,,,,,,,
video labeling jobs,50.0,∞,0,Low,5.0,,,,,,,,,,,,,,,,,,,
windows 10 draw on pdf,50.0,∞,0,Low,0.0,,,,,,,,,,,,,,,,,,,
xournal annotate pdf,50.0,∞,0,Low,0.0,,,,,,,,,,,,,,,,,,,
label your data,50.0,9,9,Low,2.0,,,,,,,,,,,,,,,,,,,
telus data annotation,50.0,9,9,Low,19.0,1.42,15.0,,,,,,,,,,,,,,,,,
annotate pdf notability,50.0,9,9,Low,0.0,,,,,,,,,,,,,,,,,,,
drawboard pdf pro,50.0,9,9,Low,0.0,,,,,,,,,,,,,,,,,,,
mark pdfs,50.0,9,9,Medium,34.0,1.07,3.46,,,,,,,,,,,,,,,,,
notability annotate pdf,50.0,9,9,Low,0.0,,,,,,,,,,,,,,,,,,,
column labels,50.0,9,0,Low,11.0,,,,,,,,,,,,,,,,,,,
data labels in excel chart,50.0,9,0,Low,0.0,,,,,,,,,,,,,,,,,,,
excel graph data labels,50.0,9,0,Low,0.0,,,,,,,,,,,,,,,,,,,
kami pdf and document annotation,50.0,0,∞,Low,23.0,1.05,8.13,,,,,,,,,,,,,,,,,
semi automatic labeling machine for bottles,50.0,0,∞,Low,29.0,,,,,,,,,,,,,,,,,,,
paper tube labeling machine,50.0,0,∞,Low,29.0,,,,,,,,,,,,,,,,,,,
labelbox image segmentation,50.0,0,∞,Low,10.0,,,,,,,,,,,,,,,,,,,
brady lat 18 361 0.25,50.0,0,∞,High,100.0,,,,,,,,,,,,,,,,,,,
round bottle labeling machine price,50.0,0,∞,High,100.0,2.84,5.17,,,,,,,,,,,,,,,,,
adobe pdf mark up,50.0,0,∞,High,71.0,,,,,,,,,,,,,,,,,,,
annotation training,50.0,0,∞,Medium,41.0,1.8,30.93,,,,,,,,,,,,,,,,,
benchmark semi automatic labeller,50.0,0,∞,Medium,50.0,,,,,,,,,,,,,,,,,,,
best pdf editor with pen,50.0,0,∞,High,100.0,,,,,,,,,,,,,,,,,,,
best pdf notes,50.0,0,∞,Low,0.0,,,,,,,,,,,,,,,,,,,
best pdf reader annotation,50.0,0,∞,Low,0.0,,,,,,,,,,,,,,,,,,,
bradyeurope com,50.0,0,∞,Medium,50.0,,,,,,,,,,,,,,,,,,,
data labeling guide,50.0,0,∞,Low,14.0,,,,,,,,,,,,,,,,,,,
drawboard pdf web,50.0,0,∞,Low,0.0,,,,,,,,,,,,,,,,,,,
finance data annotation,50.0,0,∞,Medium,35.0,4.23,10.97,,,,,,,,,,,,,,,,,
financial data annotation,50.0,0,∞,Medium,35.0,4.23,10.97,,,,,,,,,,,,,,,,,
image annotation dataset,50.0,0,∞,Low,0.0,,,,,,,,,,,,,,,,,,,
ipad pdf annotations disappear,50.0,0,∞,Low,0.0,,,,,,,,,,,,,,,,,,,
label data excel,50.0,0,∞,Low,0.0,,,,,,,,,,,,,,,,,,,
label meaning in machine learning,50.0,0,∞,Low,0.0,,,,,,,,,,,,,,,,,,,
noteshelf pdf annotation,50.0,0,∞,Low,0.0,,,,,,,,,,,,,,,,,,,
office 365 labels classification,50.0,0,∞,Low,14.0,,,,,,,,,,,,,,,,,,,
pdf annotation onenote,50.0,0,∞,Low,0.0,,,,,,,,,,,,,,,,,,,
pdf annotation types,50.0,0,∞,Low,0.0,,,,,,,,,,,,,,,,,,,
pdf editor highlight free download,50.0,0,∞,High,93.0,,,,,,,,,,,,,,,,,,,
pdf reader & annotator by xodo,50.0,0,∞,Low,14.0,,,,,,,,,,,,,,,,,,,
pdf reader with highlighter and notes,50.0,0,∞,Low,24.0,,,,,,,,,,,,,,,,,,,
pdf reader with highlighter free download,50.0,0,∞,High,100.0,,,,,,,,,,,,,,,,,,,
sap barcode label printing,50.0,0,∞,High,79.0,,,,,,,,,,,,,,,,,,,
single side sticker labeling machine,50.0,0,∞,Low,0.0,,,,,,,,,,,,,,,,,,,
skim pdf annotator,50.0,0,∞,High,76.0,2.81,8.48,,,,,,,,,,,,,,,,,
sticky notes on pdf files,50.0,0,∞,Low,0.0,,,,,,,,,,,,,,,,,,,
write notes on pdf mac,50.0,0,∞,High,86.0,,,,,,,,,,,,,,,,,,,
labeling ai,50.0,0,9,Low,20.0,1.48,4.66,,,,,,,,,,,,,,,,,
appen data labeling,50.0,0,9,Low,4.0,1.12,3.59,,,,,,,,,,,,,,,,,
best way to annotate pdf,50.0,0,9,Medium,60.0,1.63,5.1,,,,,,,,,,,,,,,,,
pdf markup online,50.0,0,0,High,78.0,1.57,3.27,,,,,,,,,,,,,,,,,
ai labeling companies,50.0,0,0,Medium,63.0,3.66,15.0,,,,,,,,,,,,,,,,,
ai image labeling,50.0,0,0,Medium,39.0,2.16,5.02,,,,,,,,,,,,,,,,,
square bottle labeling machine,50.0,0,0,High,100.0,2.79,13.63,,,,,,,,,,,,,,,,,
annotation companies,50.0,0,0,High,77.0,4.37,19.0,,,,,,,,,,,,,,,,,
document annotation tools,50.0,0,0,Low,26.0,1.71,7.27,,,,,,,,,,,,,,,,,
pdf mark up,50.0,0,0,High,76.0,1.93,5.1,,,,,,,,,,,,,,,,,
automatic wire labeling machine,50.0,0,0,High,93.0,2.36,20.25,,,,,,,,,,,,,,,,,
bag labeling machine,50.0,0,0,High,100.0,1.6,8.65,,,,,,,,,,,,,,,,,
data labeling ai,50.0,0,0,Medium,40.0,4.33,15.0,,,,,,,,,,,,,,,,,
white label data analytics,50.0,0,0,Low,5.0,,,,,,,,,,,,,,,,,,,
pouch labeling machine,50.0,0,0,High,100.0,2.66,9.77,,,,,,,,,,,,,,,,,
snorkel data labeling,50.0,0,0,Low,19.0,6.05,16.94,,,,,,,,,,,,,,,,,
auto labeling machine learning,50.0,0,0,Low,12.0,,,,,,,,,,,,,,,,,,,
data labeling for machine learning,50.0,0,0,Medium,41.0,4.65,24.08,,,,,,,,,,,,,,,,,
website markup tool,50.0,0,0,Medium,48.0,7.02,15.15,,,,,,,,,,,,,,,,,
acrobat annotate pdf,50.0,0,0,Low,20.0,,,,,,,,,,,,,,,,,,,
top data labeling companies,50.0,0,0,Medium,64.0,4.5,15.0,,,,,,,,,,,,,,,,,
automatic bag labeling machine,50.0,0,0,Low,29.0,,,,,,,,,,,,,,,,,,,
ansi z535 4 2011,50.0,0,0,Medium,40.0,2.02,8.5,,,,,,,,,,,,,,,,,
pdf annotator download,50.0,0,0,Medium,36.0,1.7,3.34,,,,,,,,,,,,,,,,,
image annotation ai,50.0,0,0,Medium,34.0,1.44,12.0,,,,,,,,,,,,,,,,,
semi automatic bottle labeling machine,50.0,0,0,High,100.0,2.54,14.07,,,,,,,,,,,,,,,,,
pdf comment tool,50.0,0,0,High,88.0,2.02,6.22,,,,,,,,,,,,,,,,,
adobe annotation tools,50.0,0,0,Medium,59.0,1.67,5.18,,,,,,,,,,,,,,,,,
best data annotation companies,50.0,0,0,Medium,42.0,4.54,24.87,,,,,,,,,,,,,,,,,
mark up pdf online,50.0,0,0,High,97.0,1.63,4.0,,,,,,,,,,,,,,,,,
ml data labeling,50.0,0,0,Low,31.0,,,,,,,,,,,,,,,,,,,
automatic round bottle labeling machine,50.0,0,0,High,100.0,2.58,9.12,,,,,,,,,,,,,,,,,
data labeling machine learning,50.0,0,0,Low,7.0,,,,,,,,,,,,,,,,,,,
ai image annotation tool,50.0,0,0,Medium,64.0,,,,,,,,,,,,,,,,,,,
labeling data for machine learning,50.0,0,0,Low,10.0,,,,,,,,,,,,,,,,,,,
ml labeling,50.0,0,0,Low,21.0,2.33,13.52,,,,,,,,,,,,,,,,,
pdf annotator free download,50.0,0,0,High,70.0,1.43,3.11,,,,,,,,,,,,,,,,,
best pdf markup software,50.0,0,0,High,73.0,4.07,11.35,,,,,,,,,,,,,,,,,
acrobat draw on pdf,50.0,0,0,Low,11.0,,,,,,,,,,,,,,,,,,,
video labeling,50.0,0,0,Low,9.0,2.5,5.58,,,,,,,,,,,,,,,,,
pdf annotator free online,50.0,0,0,Medium,63.0,0.84,2.89,,,,,,,,,,,,,,,,,
machine learning data labeling,50.0,0,0,Low,7.0,,,,,,,,,,,,,,,,,,,
pdf drawing markup tools,50.0,0,0,Low,30.0,2.79,9.45,,,,,,,,,,,,,,,,,
draw over pdf,50.0,0,0,High,71.0,1.51,4.2,,,,,,,,,,,,,,,,,
semi automatic round bottle labeling machine,50.0,0,0,High,100.0,2.67,16.35,,,,,,,,,,,,,,,,,
ai assisted data labeling,50.0,0,0,Low,0.0,,,,,,,,,,,,,,,,,,,
ai annotation companies,50.0,0,0,High,86.0,5.4,18.0,,,,,,,,,,,,,,,,,
ai image annotation,50.0,0,0,Low,14.0,2.35,6.49,,,,,,,,,,,,,,,,,
annotate pdf online free,50.0,0,0,High,70.0,1.32,2.93,,,,,,,,,,,,,,,,,
automatic sticker labelling machine,50.0,0,0,High,100.0,1.45,27.33,,,,,,,,,,,,,,,,,
round bottle label machine,50.0,0,0,High,100.0,1.08,4.14,,,,,,,,,,,,,,,,,
top data annotation companies,50.0,0,0,Low,23.0,3.09,17.26,,,,,,,,,,,,,,,,,
zonesun labeling machine,50.0,0,0,High,100.0,0.35,6.31,,,,,,,,,,,,,,,,,
annotation machine learning,50.0,0,0,Low,17.0,,,,,,,,,,,,,,,,,,,
draw on pdf online free,50.0,0,0,High,85.0,1.11,2.69,,,,,,,,,,,,,,,,,
image labeling for machine learning,50.0,0,0,Low,24.0,,,,,,,,,,,,,,,,,,,
machine learning annotation,50.0,0,0,Low,10.0,,,,,,,,,,,,,,,,,,,
lidar annotation,50.0,0,0,Low,9.0,5.54,12.0,,,,,,,,,,,,,,,,,
v7 data labelling,50.0,0,0,Medium,62.0,5.6,22.81,,,,,,,,,,,,,,,,,
websites to annotate pdfs,50.0,0,0,High,73.0,1.16,2.9,,,,,,,,,,,,,,,,,
medical data annotation,50.0,0,0,Low,29.0,3.4,10.98,,,,,,,,,,,,,,,,,
free pdf annotator windows,50.0,0,0,Low,31.0,1.25,2.35,,,,,,,,,,,,,,,,,
scale ai labeling,50.0,0,0,Low,16.0,5.61,27.94,,,,,,,,,,,,,,,,,
flat bottle labeling machine,50.0,0,0,High,100.0,,,,,,,,,,,,,,,,,,,
computer vision data labeling,50.0,0,0,Low,5.0,,,,,,,,,,,,,,,,,,,
automatic jar labeling machine,50.0,0,0,High,100.0,,,,,,,,,,,,,,,,,,,
flat labeling machine,50.0,0,0,High,97.0,2.7,6.63,,,,,,,,,,,,,,,,,
highlight and annotate pdf,50.0,0,0,High,69.0,1.46,4.46,,,,,,,,,,,,,,,,,
image data labeling,50.0,0,0,Medium,62.0,,,,,,,,,,,,,,,,,,,
ai assisted labeling,50.0,0,0,Medium,44.0,1.75,8.33,,,,,,,,,,,,,,,,,
nlp data labeling,50.0,0,0,Low,14.0,,,,,,,,,,,,,,,,,,,
scale ai annotation,50.0,0,0,Medium,36.0,2.44,10.96,,,,,,,,,,,,,,,,,
dataset labeling,50.0,0,0,Low,13.0,,,,,,,,,,,,,,,,,,,
document markup tool,50.0,0,0,High,77.0,1.63,6.58,,,,,,,,,,,,,,,,,
pspdfkit react,50.0,0,0,Medium,43.0,,,,,,,,,,,,,,,,,,,
label data in machine learning,50.0,0,0,Low,6.0,,,,,,,,,,,,,,,,,,,
annotate text online,50.0,0,0,Medium,53.0,1.22,4.63,,,,,,,,,,,,,,,,,
aws sagemaker ground truth,50.0,0,0,Low,2.0,,,,,,,,,,,,,,,,,,,
automatic vial labeling machine,50.0,0,0,High,100.0,3.55,25.26,,,,,,,,,,,,,,,,,
bottle sticker labeling machine,50.0,0,0,Medium,57.0,,,,,,,,,,,,,,,,,,,
data annotation online,50.0,0,0,Low,31.0,2.73,9.39,,,,,,,,,,,,,,,,,
nlp labeling,50.0,0,0,Low,18.0,,,,,,,,,,,,,,,,,,,
medical image annotation,50.0,0,0,Low,14.0,3.11,10.45,,,,,,,,,,,,,,,,,
data labeling and annotation,50.0,0,0,Low,22.0,3.58,15.0,,,,,,,,,,,,,,,,,
annotate images for ai,50.0,0,0,Low,14.0,,,,,,,,,,,,,,,,,,,
ai video annotation,50.0,0,0,Medium,50.0,1.87,10.04,,,,,,,,,,,,,,,,,
label studio video annotation,50.0,0,0,Low,24.0,3.0,17.95,,,,,,,,,,,,,,,,,
mt 50 labelling machine,50.0,0,0,High,90.0,1.31,10.81,,,,,,,,,,,,,,,,,
scale data labeling,50.0,0,0,Low,14.0,,,,,,,,,,,,,,,,,,,
adobe pdf markup,50.0,0,0,Medium,40.0,1.64,5.6,,,,,,,,,,,,,,,,,
sagemaker ground truth pricing,50.0,0,0,Low,0.0,,,,,,,,,,,,,,,,,,,
automatic sleeving machine,50.0,0,0,High,79.0,2.24,16.59,,,,,,,,,,,,,,,,,
adobe markup,50.0,0,0,Medium,43.0,1.07,3.43,,,,,,,,,,,,,,,,,
snorkel labeling,50.0,0,0,Low,8.0,,,,,,,,,,,,,,,,,,,
automatic video annotation,50.0,0,0,Medium,62.0,,,,,,,,,,,,,,,,,,,
pdf annotation javascript,50.0,0,0,Medium,47.0,5.68,22.11,,,,,,,,,,,,,,,,,
labelbox api,50.0,0,0,Low,7.0,,,,,,,,,,,,,,,,,,,
superannotate pricing,50.0,0,0,Medium,56.0,15.0,35.09,,,,,,,,,,,,,,,,,
free pdf markup tool,50.0,0,0,High,76.0,1.46,3.05,,,,,,,,,,,,,,,,,
make annotations on pdf,50.0,0,0,High,78.0,1.63,4.75,,,,,,,,,,,,,,,,,
supernote pdf annotation,50.0,0,0,Low,11.0,,,,,,,,,,,,,,,,,,,
annotate text online free,50.0,0,0,Low,12.0,,,,,,,,,,,,,,,,,,,
sama data annotation,50.0,0,0,Low,29.0,3.17,30.02,,,,,,,,,,,,,,,,,
water bottle labeling machine,50.0,0,0,High,100.0,0.82,5.36,,,,,,,,,,,,,,,,,
prodigy data labeling,50.0,0,0,Low,29.0,,,,,,,,,,,,,,,,,,,
data labeling for ai,50.0,0,0,Medium,42.0,2.74,12.06,,,,,,,,,,,,,,,,,
machine learning data annotation,50.0,0,0,Low,14.0,,,,,,,,,,,,,,,,,,,
vertex ai data labeling,50.0,0,0,Low,5.0,,,,,,,,,,,,,,,,,,,
image tagging machine learning,50.0,0,0,Low,0.0,,,,,,,,,,,,,,,,,,,
computer vision annotation,50.0,0,0,Low,14.0,,,,,,,,,,,,,,,,,,,
list of data annotation companies,50.0,0,0,Medium,33.0,3.68,18.0,,,,,,,,,,,,,,,,,
draw on pdf file,50.0,0,0,High,67.0,1.11,3.29,,,,,,,,,,,,,,,,,
pdf js annotation,50.0,0,0,Medium,34.0,8.34,29.71,,,,,,,,,,,,,,,,,
data labeling cost,50.0,0,0,Medium,54.0,1.83,6.7,,,,,,,,,,,,,,,,,
cvat labeling,50.0,0,0,Low,28.0,3.99,15.53,,,,,,,,,,,,,,,,,
ai labeling tool,50.0,0,0,High,90.0,3.82,9.47,,,,,,,,,,,,,,,,,
amazon sagemaker data labeling,50.0,0,0,Low,5.0,,,,,,,,,,,,,,,,,,,
data labeling app,50.0,0,0,Medium,33.0,,,,,,,,,,,,,,,,,,,
ai data labeling companies,50.0,0,0,Medium,55.0,4.71,15.2,,,,,,,,,,,,,,,,,
free pdf annotation software,50.0,0,0,Medium,63.0,0.99,2.17,,,,,,,,,,,,,,,,,
data labeling training,50.0,0,0,High,74.0,2.93,8.31,,,,,,,,,,,,,,,,,
labeling images for machine learning,50.0,0,0,Low,2.0,,,,,,,,,,,,,,,,,,,
video annotation for machine learning,50.0,0,0,Low,10.0,,,,,,,,,,,,,,,,,,,
crowdsourcing data annotation,50.0,0,0,Low,0.0,,,,,,,,,,,,,,,,,,,
azure data labeling,50.0,0,0,Low,7.0,,,,,,,,,,,,,,,,,,,
bottle filling capping and labeling machine,50.0,0,0,High,86.0,2.73,5.46,,,,,,,,,,,,,,,,,
automatic tube labeling machine,50.0,0,0,High,73.0,,,,,,,,,,,,,,,,,,,
add comments to pdf online,50.0,0,0,Medium,64.0,2.03,5.1,,,,,,,,,,,,,,,,,
medical image labeling,50.0,0,0,Low,14.0,,,,,,,,,,,,,,,,,,,
bopp labeling machine,50.0,0,0,Medium,50.0,,,,,,,,,,,,,,,,,,,
automatic flat labeling machine,50.0,0,0,Low,0.0,,,,,,,,,,,,,,,,,,,
vertex ai labeling,50.0,0,0,Low,0.0,,,,,,,,,,,,,,,,,,,
add comments to pdf free,50.0,0,0,High,76.0,1.5,2.95,,,,,,,,,,,,,,,,,
draw on pdf mac,50.0,0,0,Medium,52.0,1.56,3.11,,,,,,,,,,,,,,,,,
iannotate for windows,50.0,0,0,Low,29.0,1.91,6.33,,,,,,,,,,,,,,,,,
data labelling in machine learning,50.0,0,0,Low,14.0,,,,,,,,,,,,,,,,,,,
amazon data labeling,50.0,0,0,Low,0.0,,,,,,,,,,,,,,,,,,,
pdftron annotation,50.0,0,0,Medium,43.0,,,,,,,,,,,,,,,,,,,
data annotation pricing,50.0,0,0,High,90.0,3.45,8.84,,,,,,,,,,,,,,,,,
free pdf commenting tool,50.0,0,0,Medium,65.0,1.65,2.27,,,,,,,,,,,,,,,,,
collaborative pdf annotation,50.0,0,0,Medium,41.0,4.44,9.91,,,,,,,,,,,,,,,,,
double side labeling machine,50.0,0,0,High,100.0,2.47,7.53,,,,,,,,,,,,,,,,,
machine learning tagging,50.0,0,0,Low,0.0,,,,,,,,,,,,,,,,,,,
automatic labeling machine price,50.0,0,0,High,83.0,1.72,4.49,,,,,,,,,,,,,,,,,
auto labeling object detection,50.0,0,0,Low,14.0,,,,,,,,,,,,,,,,,,,
labelbox segmentation,50.0,0,0,Low,29.0,,,,,,,,,,,,,,,,,,,
draw on pdf windows,50.0,0,0,Medium,44.0,0.85,4.23,,,,,,,,,,,,,,,,,
best free pdf markup software,50.0,0,0,Medium,36.0,2.89,4.85,,,,,,,,,,,,,,,,,
labelbox model assisted labeling,50.0,0,0,Low,29.0,,,,,,,,,,,,,,,,,,,
label data online,50.0,0,0,Unknown,,,,,,,,,,,,,,,,,,,,
automatic label printer,50.0,0,0,High,100.0,1.14,18.26,,,,,,,,,,,,,,,,,
image data annotation,50.0,0,0,Medium,46.0,1.82,4.47,,,,,,,,,,,,,,,,,
data annotation machine learning,50.0,0,0,Low,0.0,,,,,,,,,,,,,,,,,,,
adobe acrobat annotate,50.0,0,0,Low,19.0,1.49,3.82,,,,,,,,,,,,,,,,,
automated data labeling with machine learning,50.0,0,0,Low,20.0,,,,,,,,,,,,,,,,,,,
comment pdf online,50.0,0,0,High,71.0,0.78,2.89,,,,,,,,,,,,,,,,,
datalabeling,50.0,0,0,Medium,45.0,0.98,9.33,,,,,,,,,,,,,,,,,
draw on pdf for free,50.0,0,0,High,82.0,1.16,3.33,,,,,,,,,,,,,,,,,
kami annotation tool,50.0,0,0,Low,7.0,,,,,,,,,,,,,,,,,,,
free pdf annotator mac,50.0,0,0,High,83.0,2.01,3.87,,,,,,,,,,,,,,,,,
pdf mark up free,50.0,0,0,Medium,43.0,,,,,,,,,,,,,,,,,,,
labeling datasets for machine learning,50.0,0,0,Low,0.0,,,,,,,,,,,,,,,,,,,
video data labeling,50.0,0,0,Medium,37.0,,,,,,,,,,,,,,,,,,,
react pdf annotation,50.0,0,0,Low,21.0,4.8,52.58,,,,,,,,,,,,,,,,,
pdf viewer with annotation,50.0,0,0,Medium,35.0,2.21,6.11,,,,,,,,,,,,,,,,,
labelbox video annotation,50.0,0,0,Medium,53.0,2.5,15.0,,,,,,,,,,,,,,,,,
cvat image annotation,50.0,0,0,Low,13.0,3.45,15.23,,,,,,,,,,,,,,,,,
online annotation tool for pdf,50.0,0,0,High,100.0,1.12,4.04,,,,,,,,,,,,,,,,,
scale data annotation,50.0,0,0,Low,33.0,2.1,15.25,,,,,,,,,,,,,,,,,
collaborative pdf markup,50.0,0,0,Low,20.0,,,,,,,,,,,,,,,,,,,
data labeling example,50.0,0,0,Low,7.0,1.65,12.79,,,,,,,,,,,,,,,,,
automatic filling capping and labelling machine,50.0,0,0,High,79.0,,,,,,,,,,,,,,,,,,,
aws data labeling,50.0,0,0,Low,11.0,,,,,,,,,,,,,,,,,,,
point cloud annotation,50.0,0,0,Low,0.0,,,,,,,,,,,,,,,,,,,
ml annotation,50.0,0,0,Low,4.0,,,,,,,,,,,,,,,,,,,
data tagging companies,50.0,0,0,Medium,43.0,,,,,,,,,,,,,,,,,,,
drawboard pdf download,50.0,0,0,Low,4.0,,,,,,,,,,,,,,,,,,,
opp labeling machine,50.0,0,0,High,79.0,,,,,,,,,,,,,,,,,,,
data labeling ml,50.0,0,0,Low,0.0,,,,,,,,,,,,,,,,,,,
mark up pdf online free,50.0,0,0,High,100.0,2.0,2.89,,,,,,,,,,,,,,,,,
white label data,50.0,0,0,Low,3.0,,,,,,,,,,,,,,,,,,,
data labeling industry,50.0,0,0,Medium,33.0,,,,,,,,,,,,,,,,,,,
sagemaker data labeling,50.0,0,0,Low,4.0,,,,,,,,,,,,,,,,,,,
data annotation for machine learning,50.0,0,0,Low,12.0,,,,,,,,,,,,,,,,,,,
annotate a pdf in chrome,50.0,0,0,High,86.0,1.31,2.19,,,,,,,,,,,,,,,,,
kami document annotation,50.0,0,0,Low,24.0,,,,,,,,,,,,,,,,,,,
pdf editor markup,50.0,0,0,High,88.0,1.75,8.14,,,,,,,,,,,,,,,,,
bottle filling and labeling machine,50.0,0,0,High,100.0,,,,,,,,,,,,,,,,,,,
draw on pdf adobe,50.0,0,0,Low,26.0,1.02,2.31,,,,,,,,,,,,,,,,,
kami pdf annotator,50.0,0,0,Low,18.0,0.97,2.08,,,,,,,,,,,,,,,,,
web page annotation,50.0,0,0,Low,18.0,1.81,4.39,,,,,,,,,,,,,,,,,
human data labeling,50.0,0,0,Medium,53.0,3.66,11.09,,,,,,,,,,,,,,,,,
program to draw on pdf,50.0,0,0,High,73.0,1.58,5.1,,,,,,,,,,,,,,,,,
sama data labeling,50.0,0,0,Medium,39.0,5.55,70.85,,,,,,,,,,,,,,,,,
pdf annotation api,50.0,0,0,High,71.0,,,,,,,,,,,,,,,,,,,
hive data labeling,50.0,0,0,Medium,55.0,5.68,33.22,,,,,,,,,,,,,,,,,
pdf marking tool,50.0,0,0,High,68.0,1.83,5.02,,,,,,,,,,,,,,,,,
pdf markup online free,50.0,0,0,High,100.0,,,,,,,,,,,,,,,,,,,
best free pdf annotator,50.0,0,0,Medium,51.0,1.4,2.68,,,,,,,,,,,,,,,,,
microsoft data classification labels,50.0,0,0,Low,29.0,7.93,23.21,,,,,,,,,,,,,,,,,
lidar data annotation,50.0,0,0,Medium,33.0,,,,,,,,,,,,,,,,,,,
best software to annotate pdfs,50.0,0,0,Medium,59.0,2.42,9.39,,,,,,,,,,,,,,,,,
video data annotation,50.0,0,0,Low,21.0,1.38,3.91,,,,,,,,,,,,,,,,,
best pdf markup tool,50.0,0,0,High,73.0,4.07,11.35,,,,,,,,,,,,,,,,,
types of data annotation,50.0,0,0,Low,3.0,,,,,,,,,,,,,,,,,,,
round labeling machine,50.0,0,0,High,83.0,0.56,3.98,,,,,,,,,,,,,,,,,
ai assisted annotation,50.0,0,0,Low,25.0,,,,,,,,,,,,,,,,,,,
flat surface labeling machine,50.0,0,0,High,80.0,1.39,4.66,,,,,,,,,,,,,,,,,
labeling machine for square bottles,50.0,0,0,High,89.0,,,,,,,,,,,,,,,,,,,
figure eight data labeling,50.0,0,0,High,79.0,,,,,,,,,,,,,,,,,,,
annotation deep learning,50.0,0,0,Low,0.0,,,,,,,,,,,,,,,,,,,
mt50 labeling machine,50.0,0,0,Low,0.0,,,,,,,,,,,,,,,,,,,
software to draw on pdf,50.0,0,0,High,73.0,1.58,5.1,,,,,,,,,,,,,,,,,
annotate on pdf online,50.0,0,0,Medium,50.0,,,,,,,,,,,,,,,,,,,
xodo free pdf editor,50.0,0,0,Medium,44.0,0.41,2.07,,,,,,,,,,,,,,,,,
hive data annotation,50.0,0,0,Medium,38.0,,,,,,,,,,,,,,,,,,,
adobe pdf comments,50.0,0,0,Low,19.0,1.03,4.84,,,,,,,,,,,,,,,,,
audio labeling,50.0,0,0,Low,5.0,,,,,,,,,,,,,,,,,,,
google cloud data labeling,50.0,0,0,Low,0.0,,,,,,,,,,,,,,,,,,,
software to mark up pdf,50.0,0,0,High,83.0,1.67,16.15,,,,,,,,,,,,,,,,,
pdf markup software mac,50.0,0,0,High,100.0,,,,,,,,,,,,,,,,,,,
best online pdf annotator,50.0,0,0,High,75.0,,,,,,,,,,,,,,,,,,,
round bottle sticker labeling machine,50.0,0,0,High,100.0,,,,,,,,,,,,,,,,,,,
semi automatic flat labeling machine,50.0,0,0,Medium,47.0,,,,,,,,,,,,,,,,,,,
3d lidar annotation,50.0,0,0,Low,0.0,,,,,,,,,,,,,,,,,,,
labelbox annotation,50.0,0,0,Medium,65.0,2.5,8.94,,,,,,,,,,,,,,,,,
adobe reader commenting tools,50.0,0,0,Low,21.0,1.53,2.7,,,,,,,,,,,,,,,,,
add notes to pdf free,50.0,0,0,High,76.0,1.5,2.95,,,,,,,,,,,,,,,,,
text data labeling,50.0,0,0,Low,0.0,,,,,,,,,,,,,,,,,,,
automatic sleeve labeling machine,50.0,0,0,High,100.0,,,,,,,,,,,,,,,,,,,
machine learning labelled data,50.0,0,0,Low,6.0,,,,,,,,,,,,,,,,,,,
automatic can labeling machine,50.0,0,0,High,100.0,,,,,,,,,,,,,,,,,,,
mt 50 semi automatic round bottle labeling machine,50.0,0,0,High,100.0,0.47,3.98,,,,,,,,,,,,,,,,,
annotate and highlight pdf,50.0,0,0,High,81.0,1.1,5.1,,,,,,,,,,,,,,,,,
labeling for ai,50.0,0,0,Low,14.0,,,,,,,,,,,,,,,,,,,
drawing markup software,50.0,0,0,Low,31.0,,,,,,,,,,,,,,,,,,,
liquid filling capping and labeling machine,50.0,0,0,High,100.0,,,,,,,,,,,,,,,,,,,
data annotation in machine learning,50.0,0,0,Low,1.0,,,,,,,,,,,,,,,,,,,
online pdf comment tool,50.0,0,0,High,81.0,1.43,3.26,,,,,,,,,,,,,,,,,
best pdf annotator for mac,50.0,0,0,Medium,58.0,2.34,4.98,,,,,,,,,,,,,,,,,
labelbox api key,50.0,0,0,Low,7.0,,,,,,,,,,,,,,,,,,,
automatic data annotation,50.0,0,0,Low,0.0,,,,,,,,,,,,,,,,,,,
computer vision tagging,50.0,0,0,Low,25.0,,,,,,,,,,,,,,,,,,,
free pdf mark up,50.0,0,0,High,88.0,1.37,4.35,,,,,,,,,,,,,,,,,
automatic barcode labeling machine,50.0,0,0,High,69.0,,,,,,,,,,,,,,,,,,,
tabletop bottle labeling machine,50.0,0,0,Medium,36.0,,,,,,,,,,,,,,,,,,,
adobe draw on pdf,50.0,0,0,Low,16.0,1.01,2.06,,,,,,,,,,,,,,,,,
3d point cloud annotation,50.0,0,0,Low,4.0,,,,,,,,,,,,,,,,,,,
markup pdf iphone,50.0,0,0,Medium,61.0,1.46,3.71,,,,,,,,,,,,,,,,,
annotate dataset,50.0,0,0,Low,0.0,,,,,,,,,,,,,,,,,,,
data labeling in ai,50.0,0,0,Low,27.0,2.54,11.22,,,,,,,,,,,,,,,,,
snorkel label model,50.0,0,0,Low,0.0,,,,,,,,,,,,,,,,,,,
free pdf markup online,50.0,0,0,High,100.0,,,,,,,,,,,,,,,,,,,
pdf annotator 8,50.0,0,0,Low,0.0,,,,,,,,,,,,,,,,,,,
pdf reader and annotator,50.0,0,0,Medium,49.0,1.22,3.4,,,,,,,,,,,,,,,,,
mark up a pdf on mac,50.0,0,0,High,93.0,,,,,,,,,,,,,,,,,,,
best way to annotate pdf on mac,50.0,0,0,Medium,65.0,1.6,3.13,,,,,,,,,,,,,,,,,
xodo pdf reader & annotator,50.0,0,0,Low,21.0,0.88,2.53,,,,,,,,,,,,,,,,,
data annotation for autonomous vehicles,50.0,0,0,High,100.0,,,,,,,,,,,,,,,,,,,
draw on pdf chrome,50.0,0,0,Medium,45.0,0.89,1.63,,,,,,,,,,,,,,,,,
computer vision labeling,50.0,0,0,Low,4.0,,,,,,,,,,,,,,,,,,,
data labeling projects,50.0,0,0,Low,25.0,,,,,,,,,,,,,,,,,,,
free mark up pdf,50.0,0,0,High,94.0,0.59,2.5,,,,,,,,,,,,,,,,,
best way to mark up a pdf,50.0,0,0,High,73.0,1.87,7.69,,,,,,,,,,,,,,,,,
pdf markup mac,50.0,0,0,Medium,52.0,1.96,4.85,,,,,,,,,,,,,,,,,
annotation in machine learning,50.0,0,0,Low,0.0,,,,,,,,,,,,,,,,,,,
audio data labeling,50.0,0,0,Medium,39.0,,,,,,,,,,,,,,,,,,,
google data labeling,50.0,0,0,Low,5.0,,,,,,,,,,,,,,,,,,,
best software for annotating pdfs,50.0,0,0,Medium,65.0,2.43,6.28,,,,,,,,,,,,,,,,,
mark up pdf files,50.0,0,0,High,78.0,1.63,4.66,,,,,,,,,,,,,,,,,
active learning data labeling,50.0,0,0,Low,14.0,,,,,,,,,,,,,,,,,,,
image labeler data annotator,50.0,0,0,Low,0.0,,,,,,,,,,,,,,,,,,,
sagemaker labeling,50.0,0,0,Low,0.0,,,,,,,,,,,,,,,,,,,
nlp data annotation,50.0,0,0,Low,29.0,,,,,,,,,,,,,,,,,,,
data labeling work,50.0,0,0,Low,29.0,,,,,,,,,,,,,,,,,,,
small vial labeling machine,50.0,0,0,High,100.0,2.83,10.5,,,,,,,,,,,,,,,,,
best program to markup pdf drawings,50.0,0,0,Medium,66.0,4.85,17.01,,,,,,,,,,,,,,,,,
grahl pdf annotator,50.0,0,0,Low,8.0,,,,,,,,,,,,,,,,,,,
object detection labeling,50.0,0,0,Low,4.0,,,,,,,,,,,,,,,,,,,
document markup software,50.0,0,0,High,75.0,4.01,11.63,,,,,,,,,,,,,,,,,
playment data annotation,50.0,0,0,Low,0.0,,,,,,,,,,,,,,,,,,,
ml assisted labeling,50.0,0,0,Medium,57.0,,,,,,,,,,,,,,,,,,,
automatic bottle filling capping labeling and sealing machine,50.0,0,0,High,86.0,,,,,,,,,,,,,,,,,,,
tools to annotate pdf documents,50.0,0,0,High,86.0,,,,,,,,,,,,,,,,,,,
annotation computer vision,50.0,0,0,Low,0.0,,,,,,,,,,,,,,,,,,,
flat box labeling machine,50.0,0,0,High,100.0,,,,,,,,,,,,,,,,,,,
document annotation software,50.0,0,0,Low,9.0,1.49,6.52,,,,,,,,,,,,,,,,,
pdf editor with highlighter,50.0,0,0,High,75.0,1.13,5.3,,,,,,,,,,,,,,,,,
best pdf annotation software,50.0,0,0,Medium,65.0,2.43,6.28,,,,,,,,,,,,,,,,,
best pdf annotator windows,50.0,0,0,Low,29.0,2.72,8.55,,,,,,,,,,,,,,,,,
annotate a pdf free,50.0,0,0,Medium,55.0,2.01,3.64,,,,,,,,,,,,,,,,,
bottle labeling machine semi automatic,50.0,0,0,High,100.0,,,,,,,,,,,,,,,,,,,
data labeling process,50.0,0,0,Low,0.0,,,,,,,,,,,,,,,,,,,
best pdf markup,50.0,0,0,High,100.0,,,,,,,,,,,,,,,,,,,
make notes on pdf online,50.0,0,0,High,89.0,0.78,2.64,,,,,,,,,,,,,,,,,
program to annotate pdfs,50.0,0,0,High,68.0,1.83,5.43,,,,,,,,,,,,,,,,,
varonis data classification labels,50.0,0,0,Medium,57.0,,,,,,,,,,,,,,,,,,,
aws sagemaker ground truth pricing,50.0,0,0,Low,2.0,,,,,,,,,,,,,,,,,,,
label image dataset,50.0,0,0,Low,7.0,,,,,,,,,,,,,,,,,,,
pdf editor note taking,50.0,0,0,High,100.0,1.05,4.2,,,,,,,,,,,,,,,,,
labeling ml,50.0,0,0,Low,21.0,2.33,13.52,,,,,,,,,,,,,,,,,
online draw on pdf,50.0,0,0,High,71.0,0.85,2.01,,,,,,,,,,,,,,,,,
pdf drawing markup software,50.0,0,0,Unknown,,,,,,,,,,,,,,,,,,,,
google data labeling pricing,50.0,0,0,Unknown,,,,,,,,,,,,,,,,,,,,
semi automatic sticker labeling machine,50.0,0,0,Medium,50.0,,,,,,,,,,,,,,,,,,,
semi automatic flat bottle labeling machine,50.0,0,0,High,100.0,,,,,,,,,,,,,,,,,,,
draw on pdf windows free,50.0,0,0,Medium,57.0,,,,,,,,,,,,,,,,,,,
active learning labeling,50.0,0,0,Low,0.0,,,,,,,,,,,,,,,,,,,
ansi 535.4,50.0,0,0,Low,7.0,,,,,,,,,,,,,,,,,,,
write and draw on pdf,50.0,0,0,High,82.0,1.75,3.74,,,,,,,,,,,,,,,,,
mark up on pdf,50.0,0,0,High,71.0,1.16,5.1,,,,,,,,,,,,,,,,,
active learning for data labeling,50.0,0,0,Low,0.0,,,,,,,,,,,,,,,,,,,
software for marking up pdf files,50.0,0,0,High,71.0,,,,,,,,,,,,,,,,,,,
foxit pdf highlight,50.0,0,0,Low,0.0,,,,,,,,,,,,,,,,,,,
pdf highlighting tool,50.0,0,0,Medium,48.0,1.24,3.68,,,,,,,,,,,,,,,,,
data annotation python,50.0,0,0,Medium,35.0,1.21,5.1,,,,,,,,,,,,,,,,,
data labeling annotation,50.0,0,0,Medium,43.0,2.9,6.16,,,,,,,,,,,,,,,,,
pdf js annotation example,50.0,0,0,Low,23.0,,,,,,,,,,,,,,,,,,,
data annotation and labelling,50.0,0,0,Low,33.0,2.81,15.0,,,,,,,,,,,,,,,,,
pdf commenting software,50.0,0,0,High,76.0,,,,,,,,,,,,,,,,,,,
sama annotation,50.0,0,0,Medium,45.0,,,,,,,,,,,,,,,,,,,
annotate pdf javascript,50.0,0,0,Medium,34.0,8.34,29.71,,,,,,,,,,,,,,,,,
best program to draw on pdf,50.0,0,0,High,90.0,2.45,4.98,,,,,,,,,,,,,,,,,
dlp labels,50.0,0,0,Low,1.0,,,,,,,,,,,,,,,,,,,
sagemaker annotation,50.0,0,0,Low,0.0,,,,,,,,,,,,,,,,,,,
prodigy data annotation,50.0,0,0,Medium,34.0,2.36,6.63,,,,,,,,,,,,,,,,,
pdf js add annotation,50.0,0,0,Low,29.0,,,,,,,,,,,,,,,,,,,
draw over a pdf,50.0,0,0,High,86.0,,,,,,,,,,,,,,,,,,,
best pdf annotation tool,50.0,0,0,Medium,65.0,2.43,6.28,,,,,,,,,,,,,,,,,
automated metadata tagging,50.0,0,0,High,73.0,7.17,20.67,,,,,,,,,,,,,,,,,
best software for marking up pdfs,50.0,0,0,Medium,59.0,4.42,7.69,,,,,,,,,,,,,,,,,
ai labeling tools,50.0,0,0,High,90.0,3.82,9.47,,,,,,,,,,,,,,,,,
pdf highlighter and notes,50.0,0,0,High,100.0,,,,,,,,,,,,,,,,,,,
annotation in artificial intelligence,50.0,0,0,Low,10.0,,,,,,,,,,,,,,,,,,,
foxit pdf annotation,50.0,0,0,Low,10.0,,,,,,,,,,,,,,,,,,,
pdf editor annotator free,50.0,0,0,High,100.0,,,,,,,,,,,,,,,,,,,
annotation for machine learning,50.0,0,0,Low,17.0,,,,,,,,,,,,,,,,,,,
ground truth labels machine learning,50.0,0,0,Low,0.0,,,,,,,,,,,,,,,,,,,
figure 8 data labeling,50.0,0,0,Low,10.0,,,,,,,,,,,,,,,,,,,
annotate on pdf free,50.0,0,0,Low,19.0,,,,,,,,,,,,,,,,,,,
best way to markup a pdf,50.0,0,0,Medium,65.0,1.67,7.28,,,,,,,,,,,,,,,,,
online pdf markup free,50.0,0,0,High,100.0,,,,,,,,,,,,,,,,,,,
mark up pdf on mac,50.0,0,0,Medium,61.0,2.02,4.1,,,,,,,,,,,,,,,,,
label data machine learning,50.0,0,0,Low,0.0,,,,,,,,,,,,,,,,,,,
vial sticker labeling machine,50.0,0,0,High,100.0,0.66,6.0,,,,,,,,,,,,,,,,,
pdf reader with annotation,50.0,0,0,Medium,49.0,1.22,3.4,,,,,,,,,,,,,,,,,
adobe mark up pdf,50.0,0,0,Medium,46.0,,,,,,,,,,,,,,,,,,,
image labeling machine learning,50.0,0,0,Low,0.0,,,,,,,,,,,,,,,,,,,
best tool for annotating pdfs,50.0,0,0,High,82.0,2.4,6.65,,,,,,,,,,,,,,,,,
software to highlight pdf,50.0,0,0,High,79.0,2.01,6.66,,,,,,,,,,,,,,,,,
data annotation images,50.0,0,0,Low,0.0,,,,,,,,,,,,,,,,,,,
best pdf commenting tool,50.0,0,0,High,82.0,2.72,10.02,,,,,,,,,,,,,,,,,
nema z535 4,50.0,0,0,High,87.0,1.69,9.54,,,,,,,,,,,,,,,,,
azure machine learning data labeling,50.0,0,0,Low,0.0,,,,,,,,,,,,,,,,,,,
pdf highlighter free download,50.0,0,0,High,79.0,0.84,2.01,,,,,,,,,,,,,,,,,
crowdsourced data labeling,50.0,0,0,High,67.0,,,,,,,,,,,,,,,,,,,
drawing on pdf online,50.0,0,0,High,96.0,0.93,2.28,,,,,,,,,,,,,,,,,
amazon sagemaker ground truth pricing,50.0,0,0,Low,1.0,,,,,,,,,,,,,,,,,,,
alegion data labeling,50.0,0,0,High,71.0,,,,,,,,,,,,,,,,,,,
free pdf reader with highlighter,50.0,0,0,Low,19.0,,,,,,,,,,,,,,,,,,,
online pdf note taking,50.0,0,0,Medium,57.0,,,,,,,,,,,,,,,,,,,
pdf reader that allows highlighting and notes,50.0,0,0,Medium,41.0,1.6,4.15,,,,,,,,,,,,,,,,,
free online pdf markup tool,50.0,0,0,High,80.0,0.64,2.89,,,,,,,,,,,,,,,,,
add comments on pdf online,50.0,0,0,High,100.0,,,,,,,,,,,,,,,,,,,
draw on pdf free online,50.0,0,0,High,86.0,1.19,3.75,,,,,,,,,,,,,,,,,
alternative to drawboard pdf,50.0,0,0,High,68.0,2.83,6.26,,,,,,,,,,,,,,,,,
annotate pdf acrobat,50.0,0,0,Low,20.0,,,,,,,,,,,,,,,,,,,
labelbox free,50.0,0,0,Low,0.0,,,,,,,,,,,,,,,,,,,
pdf note taking windows,50.0,0,0,Medium,43.0,,,,,,,,,,,,,,,,,,,
horizontal labeling machine,50.0,0,0,Low,0.0,,,,,,,,,,,,,,,,,,,
printing barcodes in excel,50.0,0,0,Low,13.0,1.74,8.63,,,,,,,,,,,,,,,,,
class 9 un3481,50.0,0,0,Medium,63.0,,,,,,,,,,,,,,,,,,,
best pdf annotator free,50.0,0,0,Medium,38.0,1.51,3.3,,,,,,,,,,,,,,,,,
data annotation market,50.0,0,0,Low,5.0,,,,,,,,,,,,,,,,,,,
markup a pdf on mac,50.0,0,0,Medium,64.0,2.49,3.68,,,,,,,,,,,,,,,,,
3d data annotation,50.0,0,0,Medium,57.0,2.97,9.1,,,,,,,,,,,,,,,,,
mark up a pdf file,50.0,0,0,High,78.0,1.63,4.66,,,,,,,,,,,,,,,,,
data annotation process,50.0,0,0,Low,11.0,,,,,,,,,,,,,,,,,,,
data labeling meaning,50.0,0,0,Low,2.0,,,,,,,,,,,,,,,,,,,
pdf annotation tool free,50.0,0,0,High,76.0,1.83,2.95,,,,,,,,,,,,,,,,,
add comments to pdf in adobe reader,50.0,0,0,Low,1.0,,,,,,,,,,,,,,,,,,,
pdf markup windows,50.0,0,0,Medium,49.0,1.69,4.95,,,,,,,,,,,,,,,,,
labelbox review,50.0,0,0,Low,2.0,,,,,,,,,,,,,,,,,,,
double side sticker labeling machine,50.0,0,0,Low,0.0,,,,,,,,,,,,,,,,,,,
adobe commenting tools,50.0,0,0,Low,19.0,1.43,3.16,,,,,,,,,,,,,,,,,
ubuntu pdf annotation,50.0,0,0,Low,0.0,,,,,,,,,,,,,,,,,,,
labeling training data,50.0,0,0,Low,17.0,,,,,,,,,,,,,,,,,,,
iannotate for pc,50.0,0,0,Low,0.0,,,,,,,,,,,,,,,,,,,
bartender barcode scanner,50.0,0,0,High,100.0,,,,,,,,,,,,,,,,,,,
3d cuboid annotation,50.0,0,0,Low,0.0,,,,,,,,,,,,,,,,,,,
3d point cloud labeling,50.0,0,0,Low,18.0,,,,,,,,,,,,,,,,,,,
a data label is,50.0,0,0,Unknown,,,,,,,,,,,,,,,,,,,,
acrobat annotation,50.0,0,0,Low,24.0,,,,,,,,,,,,,,,,,,,
acrobat dc markup tools,50.0,0,0,Unknown,,,,,,,,,,,,,,,,,,,,
acrobat markup tools,50.0,0,0,Low,9.0,,,,,,,,,,,,,,,,,,,
acrobat pro annotate pdf,50.0,0,0,Unknown,,,,,,,,,,,,,,,,,,,,
acrobat pro dc markup tools,50.0,0,0,Unknown,,,,,,,,,,,,,,,,,,,,
acrobat pro markup tools,50.0,0,0,Low,29.0,,,,,,,,,,,,,,,,,,,
acrobat reader annotate,50.0,0,0,Low,14.0,,,,,,,,,,,,,,,,,,,
acrobat reader draw on pdf,50.0,0,0,Low,0.0,,,,,,,,,,,,,,,,,,,
acrobat reader markup,50.0,0,0,Low,0.0,,,,,,,,,,,,,,,,,,,
acrobat reader sticky notes,50.0,0,0,Low,0.0,,,,,,,,,,,,,,,,,,,
acrobat sticky notes,50.0,0,0,Low,0.0,,,,,,,,,,,,,,,,,,,
add a comment in pdf,50.0,0,0,Medium,46.0,,,,,,,,,,,,,,,,,,,
add comment in adobe acrobat,50.0,0,0,Low,0.0,,,,,,,,,,,,,,,,,,,
add comment to pdf in preview,50.0,0,0,Low,0.0,,,,,,,,,,,,,,,,,,,
add comments adobe reader,50.0,0,0,Low,1.0,,,,,,,,,,,,,,,,,,,
add comments in acrobat reader,50.0,0,0,Low,29.0,,,,,,,,,,,,,,,,,,,
add comments on a pdf,50.0,0,0,High,88.0,1.5,4.68,,,,,,,,,,,,,,,,,
add comments to adobe pdf,50.0,0,0,Low,18.0,,,,,,,,,,,,,,,,,,,
add comments to pdf file,50.0,0,0,Medium,54.0,1.67,3.55,,,,,,,,,,,,,,,,,
add comments to pdf in chrome,50.0,0,0,Low,0.0,,,,,,,,,,,,,,,,,,,
add comments to pdf in google drive,50.0,0,0,Low,0.0,,,,,,,,,,,,,,,,,,,
add comments to pdf mac,50.0,0,0,Low,6.0,,,,,,,,,,,,,,,,,,,
add comments to pdf preview,50.0,0,0,Low,2.0,,,,,,,,,,,,,,,,,,,
add drawing to pdf,50.0,0,0,Low,14.0,,,,,,,,,,,,,,,,,,,
add markup to pdf,50.0,0,0,High,89.0,1.38,5.1,,,,,,,,,,,,,,,,,
add notes to pdf file,50.0,0,0,Low,29.0,,,,,,,,,,,,,,,,,,,
add notes to pdf ipad,50.0,0,0,Low,0.0,,,,,,,,,,,,,,,,,,,
add notes to pdf mac,50.0,0,0,Low,6.0,,,,,,,,,,,,,,,,,,,
add sticky note to pdf,50.0,0,0,Low,30.0,1.29,2.95,,,,,,,,,,,,,,,,,
adding data labels in tableau,50.0,0,0,Low,0.0,,,,,,,,,,,,,,,,,,,
adhesive labeling machine,50.0,0,0,Low,29.0,,,,,,,,,,,,,,,,,,,
adobe acrobat annotate pdf,50.0,0,0,Low,23.0,1.21,4.06,,,,,,,,,,,,,,,,,
adobe acrobat annotation tools,50.0,0,0,Low,7.0,1.18,2.88,,,,,,,,,,,,,,,,,
adobe acrobat commenting tools,50.0,0,0,Low,2.0,,,,,,,,,,,,,,,,,,,
adobe acrobat dc markup tools,50.0,0,0,Unknown,,,,,,,,,,,,,,,,,,,,
adobe acrobat how to draw on pdf,50.0,0,0,Low,3.0,,,,,,,,,,,,,,,,,,,
adobe acrobat markup pdf,50.0,0,0,Low,0.0,,,,,,,,,,,,,,,,,,,
adobe acrobat markup tools,50.0,0,0,Low,5.0,1.91,4.97,,,,,,,,,,,,,,,,,
adobe acrobat pointer tool,50.0,0,0,Low,0.0,,,,,,,,,,,,,,,,,,,
adobe acrobat pro markup tools,50.0,0,0,Low,21.0,,,,,,,,,,,,,,,,,,,
adobe acrobat reader annotate pdf,50.0,0,0,Low,0.0,,,,,,,,,,,,,,,,,,,
adobe acrobat sticky notes,50.0,0,0,Low,3.0,,,,,,,,,,,,,,,,,,,
adobe dc markup tools,50.0,0,0,Unknown,,,,,,,,,,,,,,,,,,,,
adobe how to draw on pdf,50.0,0,0,Low,0.0,,,,,,,,,,,,,,,,,,,
adobe markup pdf,50.0,0,0,Medium,40.0,1.64,5.6,,,,,,,,,,,,,,,,,
adobe markup tool,50.0,0,0,Low,21.0,1.01,2.06,,,,,,,,,,,,,,,,,
adobe pdf annotation tools,50.0,0,0,Low,4.0,,,,,,,,,,,,,,,,,,,
adobe pdf markup tools,50.0,0,0,Low,11.0,,,,,,,,,,,,,,,,,,,
adobe pro markup tools,50.0,0,0,Low,0.0,,,,,,,,,,,,,,,,,,,
adobe reader annotate pdf,50.0,0,0,Low,23.0,1.21,4.06,,,,,,,,,,,,,,,,,
adobe reader annotation tools,50.0,0,0,Low,7.0,1.18,2.88,,,,,,,,,,,,,,,,,
adobe reader draw on pdf,50.0,0,0,Low,0.0,,,,,,,,,,,,,,,,,,,
adobe reader markup,50.0,0,0,Low,2.0,,,,,,,,,,,,,,,,,,,
adobe reader markup tools,50.0,0,0,Low,5.0,1.91,4.97,,,,,,,,,,,,,,,,,
alegion annotation,50.0,0,0,High,86.0,,,,,,,,,,,,,,,,,,,
amazon data annotation,50.0,0,0,Low,16.0,1.97,8.47,,,,,,,,,,,,,,,,,
amazon mechanical turk data labeling,50.0,0,0,Low,0.0,,,,,,,,,,,,,,,,,,,
android markup pdf,50.0,0,0,Low,2.0,,,,,,,,,,,,,,,,,,,
android pdf markup,50.0,0,0,Low,2.0,,,,,,,,,,,,,,,,,,,
annotate a pdf in google drive,50.0,0,0,Low,0.0,,,,,,,,,,,,,,,,,,,
annotate a word document,50.0,0,0,Low,9.0,,,,,,,,,,,,,,,,,,,
annotate adobe acrobat,50.0,0,0,High,100.0,,,,,,,,,,,,,,,,,,,
annotate documents on ipad,50.0,0,0,High,86.0,,,,,,,,,,,,,,,,,,,
annotate files,50.0,0,0,Low,20.0,1.5,3.28,,,,,,,,,,,,,,,,,
annotate html page,50.0,0,0,Low,0.0,,,,,,,,,,,,,,,,,,,
annotate in adobe acrobat,50.0,0,0,Low,12.0,,,,,,,,,,,,,,,,,,,
annotate ipad,50.0,0,0,Low,4.0,,,,,,,,,,,,,,,,,,,
annotate kami,50.0,0,0,Low,6.0,,,,,,,,,,,,,,,,,,,
annotate on adobe acrobat,50.0,0,0,Low,32.0,,,,,,,,,,,,,,,,,,,
annotate pdf acrobat reader,50.0,0,0,Low,0.0,,,,,,,,,,,,,,,,,,,
annotate pdf adobe reader,50.0,0,0,Low,23.0,1.21,4.06,,,,,,,,,,,,,,,,,
annotate pdf apple pencil,50.0,0,0,Low,0.0,,,,,,,,,,,,,,,,,,,
annotate pdf chromebook,50.0,0,0,Medium,43.0,1.35,4.4,,,,,,,,,,,,,,,,,
annotate pdf documents free,50.0,0,0,Medium,43.0,,,,,,,,,,,,,,,,,,,
annotate pdf evernote,50.0,0,0,Low,0.0,,,,,,,,,,,,,,,,,,,
annotate pdf evernote ipad,50.0,0,0,Low,0.0,,,,,,,,,,,,,,,,,,,
annotate pdf google,50.0,0,0,Medium,39.0,1.0,2.01,,,,,,,,,,,,,,,,,
annotate pdf google chrome,50.0,0,0,Medium,33.0,,,,,,,,,,,,,,,,,,,
annotate pdf google docs,50.0,0,0,Low,20.0,0.98,1.67,,,,,,,,,,,,,,,,,
annotate pdf google drive ipad,50.0,0,0,Low,0.0,,,,,,,,,,,,,,,,,,,
annotate pdf in canvas,50.0,0,0,Low,0.0,,,,,,,,,,,,,,,,,,,
annotate pdf in chrome browser,50.0,0,0,Unknown,,,,,,,,,,,,,,,,,,,,
annotate pdf in google docs,50.0,0,0,Medium,57.0,,,,,,,,,,,,,,,,,,,
annotate pdf in notion,50.0,0,0,Low,0.0,,,,,,,,,,,,,,,,,,,
annotate pdf in obsidian,50.0,0,0,Low,0.0,,,,,,,,,,,,,,,,,,,
annotate pdf in onenote,50.0,0,0,Low,0.0,,,,,,,,,,,,,,,,,,,
annotate pdf in onenote ipad,50.0,0,0,Low,0.0,,,,,,,,,,,,,,,,,,,
annotate pdf in preview,50.0,0,0,Low,8.0,,,,,,,,,,,,,,,,,,,
annotate pdf in teams,50.0,0,0,Low,0.0,,,,,,,,,,,,,,,,,,,
annotate pdf in windows,50.0,0,0,Low,0.0,,,,,,,,,,,,,,,,,,,
annotate pdf ios,50.0,0,0,Low,14.0,,,,,,,,,,,,,,,,,,,
annotate pdf ipad apple pencil,50.0,0,0,Low,0.0,,,,,,,,,,,,,,,,,,,
annotate pdf ipad free,50.0,0,0,Low,4.0,,,,,,,,,,,,,,,,,,,
annotate pdf iphone,50.0,0,0,Medium,49.0,1.34,3.78,,,,,,,,,,,,,,,,,
annotate pdf linux,50.0,0,0,Low,0.0,,,,,,,,,,,,,,,,,,,
annotate pdf meaning,50.0,0,0,Low,2.0,,,,,,,,,,,,,,,,,,,
annotate pdf microsoft surface,50.0,0,0,Low,0.0,,,,,,,,,,,,,,,,,,,
annotate pdf obsidian,50.0,0,0,Low,2.0,,,,,,,,,,,,,,,,,,,
annotate pdf office 365,50.0,0,0,Low,0.0,,,,,,,,,,,,,,,,,,,
annotate pdf on chrome,50.0,0,0,Low,21.0,,,,,,,,,,,,,,,,,,,
annotate pdf on google drive,50.0,0,0,Medium,44.0,1.08,3.88,,,,,,,,,,,,,,,,,
annotate pdf on ipad with apple pencil,50.0,0,0,Low,2.0,,,,,,,,,,,,,,,,,,,
annotate pdf on onenote,50.0,0,0,Low,0.0,,,,,,,,,,,,,,,,,,,
annotate pdf on pc,50.0,0,0,Medium,33.0,,,,,,,,,,,,,,,,,,,
annotate pdf online google docs,50.0,0,0,Unknown,,,,,,,,,,,,,,,,,,,,
annotate pdf reddit,50.0,0,0,Low,0.0,,,,,,,,,,,,,,,,,,,
annotate pdf tablet,50.0,0,0,Low,0.0,,,,,,,,,,,,,,,,,,,
annotate pdf windows 10,50.0,0,0,Low,14.0,,,,,,,,,,,,,,,,,,,
annotate pdf with apple pencil,50.0,0,0,Low,0.0,,,,,,,,,,,,,,,,,,,
annotate pdf with onenote,50.0,0,0,Low,0.0,,,,,,,,,,,,,,,,,,,
annotate signature mac,50.0,0,0,Low,0.0,,,,,,,,,,,,,,,,,,,
annotate the pdf,50.0,0,0,Low,0.0,,,,,,,,,,,,,,,,,,,
annotate tv alternative,50.0,0,0,Low,14.0,,,,,,,,,,,,,,,,,,,
annotatepdf,50.0,0,0,Unknown,,,,,,,,,,,,,,,,,,,,
annotation and labelling,50.0,0,0,Low,0.0,,,,,,,,,,,,,,,,,,,
annotation efficient deep learning for automatic medical image segmentation,50.0,0,0,Low,0.0,,,,,,,,,,,,,,,,,,,
annotation expert,50.0,0,0,Low,12.0,,,,,,,,,,,,,,,,,,,
annotation in deep learning,50.0,0,0,Unknown,,,,,,,,,,,,,,,,,,,,
annotation in ml,50.0,0,0,Low,3.0,,,,,,,,,,,,,,,,,,,
annotation in word document,50.0,0,0,Low,0.0,,,,,,,,,,,,,,,,,,,
annotation label,50.0,0,0,Low,12.0,,,,,,,,,,,,,,,,,,,
annotation tool in adobe acrobat,50.0,0,0,Low,5.0,,,,,,,,,,,,,,,,,,,
ansi nema z535 4,50.0,0,0,Medium,62.0,,,,,,,,,,,,,,,,,,,
apa itu data labeling,50.0,0,0,Unknown,,,,,,,,,,,,,,,,,,,,
appen annotation,50.0,0,0,Low,6.0,,,,,,,,,,,,,,,,,,,
appen labeling,50.0,0,0,Medium,37.0,,,,,,,,,,,,,,,,,,,
apple notes annotate pdf,50.0,0,0,Low,0.0,,,,,,,,,,,,,,,,,,,
apple notes pdf annotation,50.0,0,0,Low,0.0,,,,,,,,,,,,,,,,,,,
apple pencil annotate pdf,50.0,0,0,Low,0.0,,,,,,,,,,,,,,,,,,,
apple pencil markup pdf,50.0,0,0,Low,0.0,,,,,,,,,,,,,,,,,,,
apple pencil pdf annotation,50.0,0,0,Low,0.0,,,,,,,,,,,,,,,,,,,
apple pencil pdf editor,50.0,0,0,Low,27.0,0.88,5.55,,,,,,,,,,,,,,,,,
apple pencil pdf markup,50.0,0,0,Low,0.0,,,,,,,,,,,,,,,,,,,
artificial intelligence and data annotation,50.0,0,0,Unknown,,,,,,,,,,,,,,,,,,,,
artificial intelligence data tagging,50.0,0,0,Medium,47.0,5.58,16.85,,,,,,,,,,,,,,,,,
auto metadata tagging,50.0,0,0,Low,11.0,,,,,,,,,,,,,,,,,,,
automatic box labeling machine,50.0,0,0,High,86.0,5.42,26.32,,,,,,,,,,,,,,,,,
automatic liquid filling capping and labeling machine,50.0,0,0,Unknown,,,,,,,,,,,,,,,,,,,,
automatic round bottle sticker labelling machine,50.0,0,0,Low,0.0,,,,,,,,,,,,,,,,,,,
automatic shrink sleeve labeling machine,50.0,0,0,High,100.0,,,,,,,,,,,,,,,,,,,
autonomous labeling,50.0,0,0,Low,0.0,,,,,,,,,,,,,,,,,,,
aws sagemaker data labeling,50.0,0,0,Medium,33.0,,,,,,,,,,,,,,,,,,,
aws sagemaker labeling,50.0,0,0,Low,0.0,,,,,,,,,,,,,,,,,,,
azure data factory annotations,50.0,0,0,Low,0.0,,,,,,,,,,,,,,,,,,,
azure ml labeling,50.0,0,0,Low,0.0,,,,,,,,,,,,,,,,,,,
bar chart data labels,50.0,0,0,Low,0.0,,,,,,,,,,,,,,,,,,,
barcode printing in excel,50.0,0,0,Unknown,,,,,,,,,,,,,,,,,,,,
best ai data labeling companies,50.0,0,0,Unknown,,,,,,,,,,,,,,,,,,,,
best free pdf annotator windows,50.0,0,0,Low,7.0,,,,,,,,,,,,,,,,,,,
best free pdf highlighter,50.0,0,0,Medium,57.0,,,,,,,,,,,,,,,,,,,
best free pdf markup,50.0,0,0,Medium,52.0,,,,,,,,,,,,,,,,,,,
best free pdf reader with highlighter,50.0,0,0,Low,19.0,,,,,,,,,,,,,,,,,,,
best ipad pdf annotator,50.0,0,0,Low,1.0,,,,,,,,,,,,,,,,,,,
best ipad pdf reader annotate,50.0,0,0,Low,14.0,,,,,,,,,,,,,,,,,,,
best pdf annotator android,50.0,0,0,Low,0.0,,,,,,,,,,,,,,,,,,,
best pdf annotator reddit,50.0,0,0,Low,0.0,,,,,,,,,,,,,,,,,,,
best pdf markup ipad,50.0,0,0,Low,17.0,,,,,,,,,,,,,,,,,,,
best pdf note taking,50.0,0,0,Low,14.0,,,,,,,,,,,,,,,,,,,
best pdf reader and annotator for windows,50.0,0,0,Low,29.0,,,,,,,,,,,,,,,,,,,
best pdf reader for annotations,50.0,0,0,Medium,46.0,,,,,,,,,,,,,,,,,,,
best pdf reader for highlighting and notes,50.0,0,0,Low,0.0,,,,,,,,,,,,,,,,,,,
best pdf reader for note taking,50.0,0,0,Low,21.0,,,,,,,,,,,,,,,,,,,
best program for annotating pdfs,50.0,0,0,Medium,65.0,2.43,6.28,,,,,,,,,,,,,,,,,
best program to annotate pdf,50.0,0,0,Medium,65.0,2.43,6.28,,,,,,,,,,,,,,,,,
best software to draw on pdf,50.0,0,0,High,79.0,,,,,,,,,,,,,,,,,,,
best tablet pdf annotation,50.0,0,0,High,100.0,0.52,3.35,,,,,,,,,,,,,,,,,
best tool to annotate pdf,50.0,0,0,High,93.0,,,,,,,,,,,,,,,,,,,
best way to add comments to pdf,50.0,0,0,Low,32.0,,,,,,,,,,,,,,,,,,,
best way to add notes to pdf,50.0,0,0,Medium,50.0,,,,,,,,,,,,,,,,,,,
best way to annotate pdf on ipad,50.0,0,0,Low,3.0,,,,,,,,,,,,,,,,,,,
best way to annotate pdf on windows,50.0,0,0,Medium,57.0,,,,,,,,,,,,,,,,,,,
best way to draw on pdf,50.0,0,0,Medium,60.0,0.98,3.77,,,,,,,,,,,,,,,,,
best way to mark up pdf,50.0,0,0,Medium,65.0,1.67,7.28,,,,,,,,,,,,,,,,,
best way to mark up pdf on ipad,50.0,0,0,Low,0.0,,,,,,,,,,,,,,,,,,,
best way to markup pdf,50.0,0,0,High,89.0,3.43,10.12,,,,,,,,,,,,,,,,,
best way to markup pdf on ipad,50.0,0,0,Low,0.0,,,,,,,,,,,,,,,,,,,
bigquery label,50.0,0,0,Low,0.0,,,,,,,,,,,,,,,,,,,
bigquery query labels,50.0,0,0,Low,0.0,,,,,,,,,,,,,,,,,,,
bluebeam annotation,50.0,0,0,Low,9.0,,,,,,,,,,,,,,,,,,,
bluebeam markup tools greyed out,50.0,0,0,Low,0.0,,,,,,,,,,,,,,,,,,,
canvas annotate pdf,50.0,0,0,Low,0.0,,,,,,,,,,,,,,,,,,,
canvas pdf annotation,50.0,0,0,Low,0.0,,,,,,,,,,,,,,,,,,,
chart data labels,50.0,0,0,Low,0.0,,,,,,,,,,,,,,,,,,,
chatbot annotation,50.0,0,0,Low,0.0,,,,,,,,,,,,,,,,,,,
chrome draw on pdf,50.0,0,0,Medium,49.0,,,,,,,,,,,,,,,,,,,
chrome pdf markup,50.0,0,0,Low,23.0,,,,,,,,,,,,,,,,,,,
chrome pdf viewer annotations,50.0,0,0,Low,0.0,,,,,,,,,,,,,,,,,,,
class label in machine learning,50.0,0,0,Low,0.0,,,,,,,,,,,,,,,,,,,
class label machine learning,50.0,0,0,Low,0.0,,,,,,,,,,,,,,,,,,,
coco dataset annotation,50.0,0,0,Low,0.0,,,,,,,,,,,,,,,,,,,
coco dataset label,50.0,0,0,Low,0.0,,,,,,,,,,,,,,,,,,,
column chart data labels,50.0,0,0,Low,0.0,,,,,,,,,,,,,,,,,,,
comment in pdf file,50.0,0,0,Medium,37.0,0.97,4.5,,,,,,,,,,,,,,,,,
comment on pdf google drive,50.0,0,0,Low,0.0,,,,,,,,,,,,,,,,,,,
comment on pdf in google drive,50.0,0,0,Low,0.0,,,,,,,,,,,,,,,,,,,
comment pdf google drive,50.0,0,0,Low,0.0,,,,,,,,,,,,,,,,,,,
comment tool in pdf,50.0,0,0,Low,14.0,,,,,,,,,,,,,,,,,,,
computer vision image annotation,50.0,0,0,Low,7.0,,,,,,,,,,,,,,,,,,,
conversational data annotation,50.0,0,0,Low,0.0,,,,,,,,,,,,,,,,,,,
creating barcode labels in excel,50.0,0,0,Low,10.0,,,,,,,,,,,,,,,,,,,
cross platform pdf annotation,50.0,0,0,Low,26.0,1.97,4.8,,,,,,,,,,,,,,,,,
cuboid annotation,50.0,0,0,Low,20.0,,,,,,,,,,,,,,,,,,,
custom data label excel,50.0,0,0,Low,0.0,,,,,,,,,,,,,,,,,,,
custom data labels google sheets,50.0,0,0,Low,0.0,,,,,,,,,,,,,,,,,,,
data annotation in ai,50.0,0,0,Medium,43.0,3.27,8.4,,,,,,,,,,,,,,,,,
data annotation industry,50.0,0,0,Low,20.0,3.0,10.72,,,,,,,,,,,,,,,,,
data annotation means,50.0,0,0,Low,1.0,,,,,,,,,,,,,,,,,,,
data annotation team,50.0,0,0,Low,21.0,,,,,,,,,,,,,,,,,,,
data annotation types,50.0,0,0,Low,0.0,,,,,,,,,,,,,,,,,,,
data annotator meaning,50.0,0,0,Low,1.0,,,,,,,,,,,,,,,,,,,
data annotators meaning,50.0,0,0,Low,1.0,,,,,,,,,,,,,,,,,,,
data center labeling,50.0,0,0,Low,2.0,,,,,,,,,,,,,,,,,,,
data collection and annotation,50.0,0,0,Low,25.0,,,,,,,,,,,,,,,,,,,
data label for total stacked column,50.0,0,0,Low,0.0,,,,,,,,,,,,,,,,,,,
data label google sheets,50.0,0,0,Low,0.0,,,,,,,,,,,,,,,,,,,
data label mode spss,50.0,0,0,Low,0.0,,,,,,,,,,,,,,,,,,,
data labeling data science,50.0,0,0,Unknown,,,,,,,,,,,,,,,,,,,,
data labeling images,50.0,0,0,Low,0.0,,,,,,,,,,,,,,,,,,,
data labeling market,50.0,0,0,Medium,53.0,4.67,10.27,,,,,,,,,,,,,,,,,
data labeling standards,50.0,0,0,Low,5.0,,,,,,,,,,,,,,,,,,,
data labels chart,50.0,0,0,Low,0.0,,,,,,,,,,,,,,,,,,,
data labels in google sheets,50.0,0,0,Low,0.0,,,,,,,,,,,,,,,,,,,
data labels in powerpoint,50.0,0,0,Low,0.0,,,,,,,,,,,,,,,,,,,
data labels pie chart excel,50.0,0,0,Low,0.0,,,,,,,,,,,,,,,,,,,
data labels powerpoint,50.0,0,0,Low,0.0,,,,,,,,,,,,,,,,,,,
data labels tableau,50.0,0,0,Low,0.0,,,,,,,,,,,,,,,,,,,
data science labeling,50.0,0,0,Low,0.0,,,,,,,,,,,,,,,,,,,
dataflow labels,50.0,0,0,Low,0.0,,,,,,,,,,,,,,,,,,,
dataloader labels,50.0,0,0,Low,0.0,,,,,,,,,,,,,,,,,,,
dataloop annotation,50.0,0,0,High,100.0,,,,,,,,,,,,,,,,,,,
dataset nutrition label,50.0,0,0,Low,7.0,,,,,,,,,,,,,,,,,,,
dataset with class label,50.0,0,0,Unknown,,,,,,,,,,,,,,,,,,,,
datasets imagefolder label,50.0,0,0,Unknown,,,,,,,,,,,,,,,,,,,,
deep learning annotation,50.0,0,0,Low,0.0,,,,,,,,,,,,,,,,,,,
deep learning image labeling,50.0,0,0,Unknown,,,,,,,,,,,,,,,,,,,,
deep learning label,50.0,0,0,Low,0.0,,,,,,,,,,,,,,,,,,,
deep learning labeling,50.0,0,0,Low,0.0,,,,,,,,,,,,,,,,,,,
define data annotation,50.0,0,0,Low,1.0,,,,,,,,,,,,,,,,,,,
diffgram annotation,50.0,0,0,Unknown,,,,,,,,,,,,,,,,,,,,
docusign data label,50.0,0,0,Low,1.0,,,,,,,,,,,,,,,,,,,
download pdf highlighter for pc,50.0,0,0,Unknown,,,,,,,,,,,,,,,,,,,,
draw on a pdf adobe,50.0,0,0,Medium,34.0,,,,,,,,,,,,,,,,,,,
draw on a pdf for free,50.0,0,0,High,100.0,,,,,,,,,,,,,,,,,,,
draw on a pdf windows,50.0,0,0,High,86.0,,,,,,,,,,,,,,,,,,,
draw on adobe pdf,50.0,0,0,Low,16.0,1.01,2.06,,,,,,,,,,,,,,,,,
draw on pdf acrobat,50.0,0,0,Low,11.0,,,,,,,,,,,,,,,,,,,
draw on pdf adobe acrobat,50.0,0,0,Low,11.0,,,,,,,,,,,,,,,,,,,
draw on pdf adobe acrobat pro,50.0,0,0,Low,0.0,,,,,,,,,,,,,,,,,,,
draw on pdf adobe reader,50.0,0,0,Low,0.0,,,,,,,,,,,,,,,,,,,
draw on pdf file online,50.0,0,0,Low,0.0,,,,,,,,,,,,,,,,,,,
draw on pdf google drive,50.0,0,0,Low,23.0,,,,,,,,,,,,,,,,,,,
draw on pdf in acrobat,50.0,0,0,Low,10.0,,,,,,,,,,,,,,,,,,,
draw on pdf in adobe,50.0,0,0,Low,0.0,,,,,,,,,,,,,,,,,,,
draw on pdf in adobe acrobat,50.0,0,0,Low,29.0,,,,,,,,,,,,,,,,,,,
draw on pdf in chrome,50.0,0,0,Low,0.0,,,,,,,,,,,,,,,,,,,
draw on pdf ipad,50.0,0,0,Low,1.0,,,,,,,,,,,,,,,,,,,
draw on pdf ipad pro,50.0,0,0,Unknown,,,,,,,,,,,,,,,,,,,,
draw on pdf on ipad,50.0,0,0,Low,1.0,,,,,,,,,,,,,,,,,,,
draw on pdf on mac,50.0,0,0,High,91.0,1.33,2.01,,,,,,,,,,,,,,,,,
draw on pdf software,50.0,0,0,High,73.0,1.58,5.1,,,,,,,,,,,,,,,,,
draw on pdf tool,50.0,0,0,Medium,66.0,1.24,2.13,,,,,,,,,,,,,,,,,
draw on pdfs ipad,50.0,0,0,Low,5.0,,,,,,,,,,,,,,,,,,,
draw on pdfs mac,50.0,0,0,High,93.0,,,,,,,,,,,,,,,,,,,
draw pdf windows,50.0,0,0,Medium,44.0,0.85,4.23,,,,,,,,,,,,,,,,,
drawboard pdf cost,50.0,0,0,Low,0.0,,,,,,,,,,,,,,,,,,,
drawboard pdf editor,50.0,0,0,Low,23.0,2.01,6.8,,,,,,,,,,,,,,,,,
drawboard pdf for ipad,50.0,0,0,Low,0.0,,,,,,,,,,,,,,,,,,,
drawboard pdf for mac,50.0,0,0,Low,1.0,,,,,,,,,,,,,,,,,,,
drawboard pdf for windows 7,50.0,0,0,Unknown,,,,,,,,,,,,,,,,,,,,
drawboard pdf free download,50.0,0,0,Low,0.0,,,,,,,,,,,,,,,,,,,
drawboard pdf free download for windows 10,50.0,0,0,Low,29.0,,,,,,,,,,,,,,,,,,,
drawboard pdf ipad,50.0,0,0,Low,0.0,,,,,,,,,,,,,,,,,,,
drawboard pdf mac,50.0,0,0,Low,1.0,,,,,,,,,,,,,,,,,,,
drawboard pdf microsoft store,50.0,0,0,Low,0.0,,,,,,,,,,,,,,,,,,,
drawboard pdf online,50.0,0,0,Low,7.0,,,,,,,,,,,,,,,,,,,
drawboard pdf price,50.0,0,0,Low,0.0,,,,,,,,,,,,,,,,,,,
drawboard pdf pro free,50.0,0,0,Low,0.0,,,,,,,,,,,,,,,,,,,
drawboard pdf pro free download,50.0,0,0,Low,24.0,,,,,,,,,,,,,,,,,,,
drawboard pdf signature,50.0,0,0,Low,0.0,,,,,,,,,,,,,,,,,,,
drawboard pdf windows,50.0,0,0,Low,0.0,,,,,,,,,,,,,,,,,,,
drawboard pdf windows 10,50.0,0,0,Unknown,,,,,,,,,,,,,,,,,,,,
drawing markup tools adobe acrobat,50.0,0,0,Low,0.0,,,,,,,,,,,,,,,,,,,
drawing tool in pdf,50.0,0,0,High,69.0,1.19,4.7,,,,,,,,,,,,,,,,,
drawing tool on pdf,50.0,0,0,Medium,57.0,,,,,,,,,,,,,,,,,,,
drawing tool pdf,50.0,0,0,Medium,57.0,,,,,,,,,,,,,,,,,,,
dropbox annotate pdf,50.0,0,0,Low,7.0,,,,,,,,,,,,,,,,,,,
evernote markup pdf,50.0,0,0,Low,0.0,,,,,,,,,,,,,,,,,,,
excel chart custom data labels,50.0,0,0,Low,0.0,,,,,,,,,,,,,,,,,,,
excel custom data labels,50.0,0,0,Low,0.0,,,,,,,,,,,,,,,,,,,
excel map chart data labels,50.0,0,0,Low,0.0,,,,,,,,,,,,,,,,,,,
excel pie chart data labels,50.0,0,0,Low,0.0,,,,,,,,,,,,,,,,,,,
export goodnotes to pdf,50.0,0,0,Low,0.0,,,,,,,,,,,,,,,,,,,
export pdf annotations,50.0,0,0,Low,25.0,,,,,,,,,,,,,,,,,,,
export pdf comments,50.0,0,0,Low,7.0,1.6,6.26,,,,,,,,,,,,,,,,,
fashion mnist dataset labels,50.0,0,0,Low,0.0,,,,,,,,,,,,,,,,,,,
firefox pdf annotate,50.0,0,0,Low,0.0,,,,,,,,,,,,,,,,,,,
flexcil 2,50.0,0,0,Low,0.0,,,,,,,,,,,,,,,,,,,
foxit pdf editor highlight text,50.0,0,0,Low,3.0,,,,,,,,,,,,,,,,,,,
foxit pdf markup,50.0,0,0,Low,14.0,,,,,,,,,,,,,,,,,,,
foxit reader annotate,50.0,0,0,Low,4.0,,,,,,,,,,,,,,,,,,,
free pdf annotation software for windows,50.0,0,0,Low,31.0,1.25,2.35,,,,,,,,,,,,,,,,,
free pdf annotation tool,50.0,0,0,High,74.0,1.36,2.82,,,,,,,,,,,,,,,,,
free pdf annotator for windows 10,50.0,0,0,Unknown,,,,,,,,,,,,,,,,,,,,
free pdf annotator reddit,50.0,0,0,Low,11.0,,,,,,,,,,,,,,,,,,,
free pdf reader with annotation,50.0,0,0,High,86.0,,,,,,,,,,,,,,,,,,,
free program to draw on pdf,50.0,0,0,High,93.0,,,,,,,,,,,,,,,,,,,
free software to draw on pdf,50.0,0,0,High,95.0,1.47,3.36,,,,,,,,,,,,,,,,,
free software to highlight pdf,50.0,0,0,High,71.0,,,,,,,,,,,,,,,,,,,
freehand highlight adobe,50.0,0,0,Low,2.0,,,,,,,,,,,,,,,,,,,
fully automatic labelling machine,50.0,0,0,Medium,48.0,,,,,,,,,,,,,,,,,,,
gcp data labeling,50.0,0,0,Low,0.0,,,,,,,,,,,,,,,,,,,
geospatial annotation,50.0,0,0,Low,14.0,,,,,,,,,,,,,,,,,,,
goodnotes 5 pdf annotation,50.0,0,0,Unknown,,,,,,,,,,,,,,,,,,,,
goodnotes pdf editing,50.0,0,0,Low,9.0,1.62,5.28,,,,,,,,,,,,,,,,,
goodnotes pdf markup,50.0,0,0,Low,5.0,,,,,,,,,,,,,,,,,,,
goodnotes to pdf converter online,50.0,0,0,Low,0.0,,,,,,,,,,,,,,,,,,,
google annotate pdf,50.0,0,0,Medium,50.0,1.17,2.25,,,,,,,,,,,,,,,,,
google chrome annotate pdf,50.0,0,0,Low,0.0,,,,,,,,,,,,,,,,,,,
google data annotation,50.0,0,0,Low,8.0,,,,,,,,,,,,,,,,,,,
google data studio annotations,50.0,0,0,Unknown,,,,,,,,,,,,,,,,,,,,
google doc pdf with comments,50.0,0,0,Low,0.0,,,,,,,,,,,,,,,,,,,
google docs annotate pdf,50.0,0,0,Low,20.0,0.98,1.67,,,,,,,,,,,,,,,,,
google docs pdf comments,50.0,0,0,Low,0.0,,,,,,,,,,,,,,,,,,,
google docs pdf with comments,50.0,0,0,Low,0.0,,,,,,,,,,,,,,,,,,,
google drive comment on pdf,50.0,0,0,Low,0.0,,,,,,,,,,,,,,,,,,,
google drive draw on pdf,50.0,0,0,Low,16.0,,,,,,,,,,,,,,,,,,,
google drive highlight pdf,50.0,0,0,Low,11.0,1.22,1.87,,,,,,,,,,,,,,,,,
google drive markup pdf,50.0,0,0,Medium,33.0,,,,,,,,,,,,,,,,,,,
google drive pdf comments,50.0,0,0,Low,0.0,,,,,,,,,,,,,,,,,,,
google drive pdf highlight,50.0,0,0,Low,11.0,1.22,1.87,,,,,,,,,,,,,,,,,
google drive pdf markup,50.0,0,0,Low,0.0,,,,,,,,,,,,,,,,,,,
google pdf annotation,50.0,0,0,Medium,39.0,1.0,2.01,,,,,,,,,,,,,,,,,
google pdf highlight,50.0,0,0,Medium,57.0,,,,,,,,,,,,,,,,,,,
google pdf markup,50.0,0,0,High,74.0,1.59,4.24,,,,,,,,,,,,,,,,,
google sheet chart data label,50.0,0,0,Low,0.0,,,,,,,,,,,,,,,,,,,
google sheets custom data labels,50.0,0,0,Low,0.0,,,,,,,,,,,,,,,,,,,
google sheets data labels,50.0,0,0,Low,0.0,,,,,,,,,,,,,,,,,,,
google sheets series labels,50.0,0,0,Low,0.0,,,,,,,,,,,,,,,,,,,
ground truth annotation,50.0,0,0,Low,1.0,,,,,,,,,,,,,,,,,,,
ground truth sagemaker,50.0,0,0,Low,0.0,,,,,,,,,,,,,,,,,,,
highlight and make notes on pdf files,50.0,0,0,High,90.0,1.27,4.45,,,,,,,,,,,,,,,,,
highlight annotate pdf,50.0,0,0,High,69.0,1.46,4.46,,,,,,,,,,,,,,,,,
highlight pdf foxit reader,50.0,0,0,Unknown,,,,,,,,,,,,,,,,,,,,
highlight pdf google drive,50.0,0,0,Low,11.0,1.22,1.87,,,,,,,,,,,,,,,,,
highlight pdf ipad,50.0,0,0,Low,0.0,,,,,,,,,,,,,,,,,,,
highlight pdf mac,50.0,0,0,Low,29.0,1.95,4.85,,,,,,,,,,,,,,,,,
highlight pdf on google drive,50.0,0,0,Low,11.0,1.22,1.87,,,,,,,,,,,,,,,,,
highlighter for pdf files,50.0,0,0,Medium,42.0,0.74,2.01,,,,,,,,,,,,,,,,,
highlighting pdf on mac,50.0,0,0,Low,11.0,,,,,,,,,,,,,,,,,,,
human in the loop annotation,50.0,0,0,Low,1.0,,,,,,,,,,,,,,,,,,,
hypothesis pdf annotation,50.0,0,0,Low,3.0,,,,,,,,,,,,,,,,,,,
i annotate pdf,50.0,0,0,Medium,50.0,,,,,,,,,,,,,,,,,,,
iannotate 4,50.0,0,0,Low,2.0,,,,,,,,,,,,,,,,,,,
iannotate for mac,50.0,0,0,Low,31.0,,,,,,,,,,,,,,,,,,,
iannotate pdf,50.0,0,0,Low,3.0,,,,,,,,,,,,,,,,,,,
iannotate user guide,50.0,0,0,Low,0.0,,,,,,,,,,,,,,,,,,,
image annotation pdf,50.0,0,0,Low,0.0,,,,,,,,,,,,,,,,,,,
imerit data labeling,50.0,0,0,Medium,57.0,,,,,,,,,,,,,,,,,,,
industrial automatic labelling machine,50.0,0,0,Unknown,,,,,,,,,,,,,,,,,,,,
inria aerial image labeling dataset,50.0,0,0,Low,0.0,,,,,,,,,,,,,,,,,,,
inside end data labels,50.0,0,0,Low,0.0,,,,,,,,,,,,,,,,,,,
ios markup pdf,50.0,0,0,Low,3.0,,,,,,,,,,,,,,,,,,,
ios pdf markup,50.0,0,0,Low,3.0,,,,,,,,,,,,,,,,,,,
ipad annotate pdf apple pencil,50.0,0,0,Unknown,,,,,,,,,,,,,,,,,,,,
ipad annotate pdf with pencil,50.0,0,0,Low,0.0,,,,,,,,,,,,,,,,,,,
ipad mark up pdf,50.0,0,0,Low,0.0,,,,,,,,,,,,,,,,,,,
ipad pdf editor apple pencil,50.0,0,0,Low,0.0,,,,,,,,,,,,,,,,,,,
ipad pdf note taking,50.0,0,0,Low,4.0,,,,,,,,,,,,,,,,,,,
ipad pdf notes,50.0,0,0,Low,0.0,,,,,,,,,,,,,,,,,,,
ipad pdf reader with highlighting and notes,50.0,0,0,Low,0.0,,,,,,,,,,,,,,,,,,,
ipad pencil pdf annotation,50.0,0,0,Unknown,,,,,,,,,,,,,,,,,,,,
ipad pro annotate pdf,50.0,0,0,Low,14.0,,,,,,,,,,,,,,,,,,,
ipad pro pdf markup,50.0,0,0,Low,0.0,,,,,,,,,,,,,,,,,,,
iphone markup pdf,50.0,0,0,Medium,61.0,1.46,3.71,,,,,,,,,,,,,,,,,
iris dataset labels,50.0,0,0,Low,0.0,,,,,,,,,,,,,,,,,,,
kindle fire pdf annotation,50.0,0,0,Low,0.0,,,,,,,,,,,,,,,,,,,
label data and unlabeled data,50.0,0,0,Low,0.0,,,,,,,,,,,,,,,,,,,
label data deep learning,50.0,0,0,Unknown,,,,,,,,,,,,,,,,,,,,
label data in excel,50.0,0,0,Low,0.0,,,,,,,,,,,,,,,,,,,
label data meaning,50.0,0,0,Low,1.0,,,,,,,,,,,,,,,,,,,
label definition machine learning,50.0,0,0,Low,0.0,,,,,,,,,,,,,,,,,,,
label density power bi,50.0,0,0,Low,0.0,,,,,,,,,,,,,,,,,,,
label in ai,50.0,0,0,Low,1.0,,,,,,,,,,,,,,,,,,,
label in power bi,50.0,0,0,Low,0.0,,,,,,,,,,,,,,,,,,,
label shift machine learning,50.0,0,0,Low,0.0,,,,,,,,,,,,,,,,,,,
label smoothing deep learning,50.0,0,0,Low,0.0,,,,,,,,,,,,,,,,,,,
label spss,50.0,0,0,Low,0.0,,,,,,,,,,,,,,,,,,,
label studio active learning,50.0,0,0,Low,10.0,,,,,,,,,,,,,,,,,,,
label studio annotation,50.0,0,0,Low,16.0,,,,,,,,,,,,,,,,,,,
label studio enterprise price,50.0,0,0,Low,14.0,,,,,,,,,,,,,,,,,,,
label studio image annotation,50.0,0,0,Low,0.0,,,,,,,,,,,,,,,,,,,
label studio image classification,50.0,0,0,Low,14.0,,,,,,,,,,,,,,,,,,,
label studio pre annotation,50.0,0,0,Low,7.0,,,,,,,,,,,,,,,,,,,
label studio time series,50.0,0,0,Low,3.0,,,,,,,,,,,,,,,,,,,
label studio video,50.0,0,0,Low,9.0,,,,,,,,,,,,,,,,,,,
label text data,50.0,0,0,Low,0.0,,,,,,,,,,,,,,,,,,,
label the data,50.0,0,0,Low,6.0,,,,,,,,,,,,,,,,,,,
label time series data,50.0,0,0,Low,4.0,,,,,,,,,,,,,,,,,,,
labelbox export,50.0,0,0,Low,0.0,,,,,,,,,,,,,,,,,,,
labelbox series d,50.0,0,0,Low,1.0,,,,,,,,,,,,,,,,,,,
labeling and annotation,50.0,0,0,Low,0.0,,,,,,,,,,,,,,,,,,,
labeling annotation,50.0,0,0,Low,9.0,,,,,,,,,,,,,,,,,,,
labeling in data science,50.0,0,0,Unknown,,,,,,,,,,,,,,,,,,,,
labeling machine for round bottle,50.0,0,0,High,100.0,1.4,8.17,,,,,,,,,,,,,,,,,
labeling text data python,50.0,0,0,Unknown,,,,,,,,,,,,,,,,,,,,
labelled and unlabelled data,50.0,0,0,Low,0.0,,,,,,,,,,,,,,,,,,,
labelled data example,50.0,0,0,Low,0.0,,,,,,,,,,,,,,,,,,,
labelled data supervised learning,50.0,0,0,Low,0.0,,,,,,,,,,,,,,,,,,,
labelling data for object detection yolo,50.0,0,0,Unknown,,,,,,,,,,,,,,,,,,,,
labels from excel document,50.0,0,0,Low,10.0,,,,,,,,,,,,,,,,,,,
labels from excel spreadsheet,50.0,0,0,Low,7.0,,,,,,,,,,,,,,,,,,,
labels in spreadsheet,50.0,0,0,Low,0.0,,,,,,,,,,,,,,,,,,,
labels to excel spreadsheet,50.0,0,0,Low,29.0,,,,,,,,,,,,,,,,,,,
legal data annotation,50.0,0,0,High,75.0,6.08,27.12,,,,,,,,,,,,,,,,,
libreoffice annotate pdf,50.0,0,0,Low,0.0,,,,,,,,,,,,,,,,,,,
lidar annotation and lidar semantic segmentation,50.0,0,0,Unknown,,,,,,,,,,,,,,,,,,,,
lidar annotation meaning,50.0,0,0,Low,0.0,,,,,,,,,,,,,,,,,,,
linux pdf annotation tool,50.0,0,0,Low,4.0,,,,,,,,,,,,,,,,,,,
linux pdf markup,50.0,0,0,Low,6.0,,,,,,,,,,,,,,,,,,,
linux pdf markup tool,50.0,0,0,Low,5.0,,,,,,,,,,,,,,,,,,,
linux pdf reader with annotations,50.0,0,0,Low,25.0,,,,,,,,,,,,,,,,,,,
lionbridge annotation,50.0,0,0,Medium,49.0,,,,,,,,,,,,,,,,,,,
lionbridge data annotation,50.0,0,0,Low,21.0,1.31,8.54,,,,,,,,,,,,,,,,,
mac add comments to pdf,50.0,0,0,Low,0.0,,,,,,,,,,,,,,,,,,,
mac pdf note taking,50.0,0,0,Medium,44.0,1.28,2.48,,,,,,,,,,,,,,,,,
mac preview annotate pdf,50.0,0,0,Low,8.0,,,,,,,,,,,,,,,,,,,
mac preview pdf comments,50.0,0,0,Low,0.0,,,,,,,,,,,,,,,,,,,
macos annotate pdf,50.0,0,0,Low,29.0,,,,,,,,,,,,,,,,,,,
make pdf annotations permanent,50.0,0,0,Low,0.0,,,,,,,,,,,,,,,,,,,
making comments in pdf,50.0,0,0,High,68.0,1.5,5.1,,,,,,,,,,,,,,,,,
manual data labeling,50.0,0,0,Low,0.0,,,,,,,,,,,,,,,,,,,
mark pdf on ipad,50.0,0,0,Low,0.0,,,,,,,,,,,,,,,,,,,
mark up a pdf on ipad,50.0,0,0,Low,7.0,,,,,,,,,,,,,,,,,,,
mark up adobe pdf,50.0,0,0,Medium,43.0,,,,,,,,,,,,,,,,,,,
mark up pdf adobe,50.0,0,0,Low,0.0,,,,,,,,,,,,,,,,,,,
mark up pdf google drive,50.0,0,0,Medium,33.0,,,,,,,,,,,,,,,,,,,
mark up pdf in google drive,50.0,0,0,Low,29.0,0.83,1.67,,,,,,,,,,,,,,,,,
mark up pdf mac,50.0,0,0,Medium,50.0,,,,,,,,,,,,,,,,,,,
mark up pdf windows,50.0,0,0,Low,24.0,,,,,,,,,,,,,,,,,,,
mark up pdf with apple pencil,50.0,0,0,Low,0.0,,,,,,,,,,,,,,,,,,,
markup pdf drawings,50.0,0,0,High,69.0,2.98,8.6,,,,,,,,,,,,,,,,,
markup pdf google drive,50.0,0,0,Low,0.0,,,,,,,,,,,,,,,,,,,
markup pdf in adobe,50.0,0,0,Medium,36.0,,,,,,,,,,,,,,,,,,,
markup pdf in chrome,50.0,0,0,Medium,40.0,,,,,,,,,,,,,,,,,,,
markup pdf in google drive,50.0,0,0,Low,6.0,,,,,,,,,,,,,,,,,,,
markup pdf in onenote,50.0,0,0,Low,0.0,,,,,,,,,,,,,,,,,,,
markup pdf on ipad with pencil,50.0,0,0,Low,0.0,,,,,,,,,,,,,,,,,,,
markup pdf on windows,50.0,0,0,High,68.0,1.05,3.04,,,,,,,,,,,,,,,,,
markup pdf windows 10,50.0,0,0,Unknown,,,,,,,,,,,,,,,,,,,,
meaning of data annotation,50.0,0,0,Low,0.0,,,,,,,,,,,,,,,,,,,
mechanical turk labeling,50.0,0,0,Low,0.0,,,,,,,,,,,,,,,,,,,
metadata label,50.0,0,0,Low,0.0,,,,,,,,,,,,,,,,,,,
microsoft annotate pdf,50.0,0,0,Medium,64.0,,,,,,,,,,,,,,,,,,,
microsoft data labeling,50.0,0,0,Low,24.0,6.65,20.91,,,,,,,,,,,,,,,,,
microsoft edge annotate pdf,50.0,0,0,Low,1.0,,,,,,,,,,,,,,,,,,,
microsoft edge annotate web pages,50.0,0,0,Low,0.0,,,,,,,,,,,,,,,,,,,
microsoft edge pdf annotation,50.0,0,0,Low,9.0,0.93,3.24,,,,,,,,,,,,,,,,,
microsoft onenote pdf annotation,50.0,0,0,Low,0.0,,,,,,,,,,,,,,,,,,,
microsoft pdf annotator,50.0,0,0,High,67.0,1.1,4.51,,,,,,,,,,,,,,,,,
microsoft pdf markup,50.0,0,0,Medium,43.0,,,,,,,,,,,,,,,,,,,
microsoft surface pdf markup,50.0,0,0,Low,0.0,,,,,,,,,,,,,,,,,,,
microsoft word annotations,50.0,0,0,Low,0.0,,,,,,,,,,,,,,,,,,,
ml data annotation,50.0,0,0,Medium,57.0,,,,,,,,,,,,,,,,,,,
mnist dataset labels,50.0,0,0,Low,0.0,,,,,,,,,,,,,,,,,,,
model assisted labeling,50.0,0,0,Low,7.0,,,,,,,,,,,,,,,,,,,
nebo notes & pdf annotations,50.0,0,0,Low,0.0,,,,,,,,,,,,,,,,,,,
nebo pdf annotation,50.0,0,0,Low,0.0,,,,,,,,,,,,,,,,,,,
nextcloud pdf annotation,50.0,0,0,Low,14.0,,,,,,,,,,,,,,,,,,,
nfpa hazardous material symbol,50.0,0,0,High,100.0,,,,,,,,,,,,,,,,,,,
nitro pdf highlight,50.0,0,0,Low,0.0,,,,,,,,,,,,,,,,,,,
notability pdf markup,50.0,0,0,Low,0.0,,,,,,,,,,,,,,,,,,,
note pdf ipad,50.0,0,0,Low,0.0,,,,,,,,,,,,,,,,,,,
notion annotate pdf,50.0,0,0,Low,0.0,,,,,,,,,,,,,,,,,,,
notion pdf annotation,50.0,0,0,Low,0.0,,,,,,,,,,,,,,,,,,,
oci data labeling,50.0,0,0,Low,0.0,,,,,,,,,,,,,,,,,,,
okular annotate pdf,50.0,0,0,Low,0.0,,,,,,,,,,,,,,,,,,,
onedrive pdf annotation,50.0,0,0,Low,0.0,,,,,,,,,,,,,,,,,,,
onedrive pdf annotation ipad,50.0,0,0,Low,0.0,,,,,,,,,,,,,,,,,,,
onenote for pdf annotation,50.0,0,0,Low,0.0,,,,,,,,,,,,,,,,,,,
onenote pdf annotation ipad,50.0,0,0,Low,0.0,,,,,,,,,,,,,,,,,,,
online free pdf highlighter,50.0,0,0,High,100.0,,,,,,,,,,,,,,,,,,,
online pdf annotation tool,50.0,0,0,Medium,64.0,,,,,,,,,,,,,,,,,,,
online pdf editor xodo,50.0,0,0,Unknown,,,,,,,,,,,,,,,,,,,,
online pdf reader with highlighter,50.0,0,0,Low,0.0,,,,,,,,,,,,,,,,,,,
openseadragon annotations,50.0,0,0,Low,0.0,,,,,,,,,,,,,,,,,,,
osha irritant symbol,50.0,0,0,Low,30.0,,,,,,,,,,,,,,,,,,,
paper labeling machine,50.0,0,0,High,100.0,,,,,,,,,,,,,,,,,,,
pdf annotation github,50.0,0,0,Low,14.0,,,,,,,,,,,,,,,,,,,
pdf annotation meaning,50.0,0,0,Low,0.0,,,,,,,,,,,,,,,,,,,
pdf annotation python,50.0,0,0,Low,0.0,,,,,,,,,,,,,,,,,,,
pdf annotations example,50.0,0,0,Low,0.0,,,,,,,,,,,,,,,,,,,
pdf annotator 8.0 0.834,50.0,0,0,Unknown,,,,,,,,,,,,,,,,,,,,
pdf annotator 8.013,50.0,0,0,Unknown,,,,,,,,,,,,,,,,,,,,
pdf annotator for chromebook,50.0,0,0,Low,21.0,,,,,,,,,,,,,,,,,,,
pdf annotator free alternative,50.0,0,0,Unknown,,,,,,,,,,,,,,,,,,,,
pdf annotator free download for windows,50.0,0,0,Unknown,,,,,,,,,,,,,,,,,,,,
pdf annotator free reddit,50.0,0,0,Low,9.0,,,,,,,,,,,,,,,,,,,
pdf annotator portable,50.0,0,0,Low,0.0,,,,,,,,,,,,,,,,,,,
pdf annotator reddit,50.0,0,0,Low,0.0,,,,,,,,,,,,,,,,,,,
pdf annotator signature,50.0,0,0,Low,0.0,,,,,,,,,,,,,,,,,,,
pdf annotator surface pro,50.0,0,0,Low,6.0,,,,,,,,,,,,,,,,,,,
pdf comment reader,50.0,0,0,Medium,42.0,0.77,3.75,,,,,,,,,,,,,,,,,
pdf editor annotate,50.0,0,0,High,84.0,2.35,5.53,,,,,,,,,,,,,,,,,
pdf editor apple pencil,50.0,0,0,Low,27.0,0.88,5.55,,,,,,,,,,,,,,,,,
pdf editor highlight online free,50.0,0,0,High,100.0,,,,,,,,,,,,,,,,,,,
pdf editor ipad apple pencil,50.0,0,0,Low,0.0,,,,,,,,,,,,,,,,,,,
pdf expert annotations disappear,50.0,0,0,Low,0.0,,,,,,,,,,,,,,,,,,,
pdf expert export annotations,50.0,0,0,Low,14.0,,,,,,,,,,,,,,,,,,,
pdf highlighter for windows,50.0,0,0,Low,11.0,,,,,,,,,,,,,,,,,,,
pdf highlighter for windows free,50.0,0,0,Unknown,,,,,,,,,,,,,,,,,,,,
pdf highlighter ubuntu,50.0,0,0,Low,0.0,,,,,,,,,,,,,,,,,,,
pdf js draw annotation,50.0,0,0,Unknown,,,,,,,,,,,,,,,,,,,,
pdf mark up tools,50.0,0,0,High,100.0,3.81,13.61,,,,,,,,,,,,,,,,,
pdf marking tool online,50.0,0,0,Unknown,,,,,,,,,,,,,,,,,,,,
pdf markup surface pro,50.0,0,0,Low,0.0,,,,,,,,,,,,,,,,,,,
pdf markup tool mac,50.0,0,0,High,86.0,,,,,,,,,,,,,,,,,,,
pdf markup windows 10,50.0,0,0,Unknown,,,,,,,,,,,,,,,,,,,,
pdf note taking software,50.0,0,0,Medium,49.0,1.43,3.33,,,,,,,,,,,,,,,,,
pdf reader and note taker for windows,50.0,0,0,Unknown,,,,,,,,,,,,,,,,,,,,
pdf reader for note taking,50.0,0,0,Low,25.0,,,,,,,,,,,,,,,,,,,
pdf reader for ubuntu with highlighting,50.0,0,0,Unknown,,,,,,,,,,,,,,,,,,,,
pdf reader note taking,50.0,0,0,Medium,57.0,1.05,3.53,,,,,,,,,,,,,,,,,
pdf reader notes,50.0,0,0,Medium,54.0,0.68,2.33,,,,,,,,,,,,,,,,,
pdf reader with annotations windows,50.0,0,0,Unknown,,,,,,,,,,,,,,,,,,,,
pdf reader with highlighter for pc,50.0,0,0,Unknown,,,,,,,,,,,,,,,,,,,,
pdf reader with highlighter free,50.0,0,0,Low,14.0,,,,,,,,,,,,,,,,,,,
pdf reader with highlighter free download for windows,50.0,0,0,Unknown,,,,,,,,,,,,,,,,,,,,
pdf reader with markup tools,50.0,0,0,High,86.0,,,,,,,,,,,,,,,,,,,
pdf stamping tool,50.0,0,0,High,90.0,0.95,5.02,,,,,,,,,,,,,,,,,
pdf text annotation,50.0,0,0,High,100.0,,,,,,,,,,,,,,,,,,,
pdf to markup,50.0,0,0,Medium,33.0,0.74,2.01,,,,,,,,,,,,,,,,,
pdf viewer annotation expert,50.0,0,0,Low,14.0,,,,,,,,,,,,,,,,,,,
pdf viewer with notes,50.0,0,0,Medium,33.0,,,,,,,,,,,,,,,,,,,
pdfkit annotations,50.0,0,0,Low,10.0,,,,,,,,,,,,,,,,,,,
pdftron annotation manager,50.0,0,0,Unknown,,,,,,,,,,,,,,,,,,,,
pen tool adobe acrobat,50.0,0,0,Low,0.0,,,,,,,,,,,,,,,,,,,
pen tool in adobe acrobat,50.0,0,0,Low,4.0,,,,,,,,,,,,,,,,,,,
pie chart data labels,50.0,0,0,Low,0.0,,,,,,,,,,,,,,,,,,,
point cloud annotation github,50.0,0,0,Unknown,,,,,,,,,,,,,,,,,,,,
power bi custom labels,50.0,0,0,Low,0.0,,,,,,,,,,,,,,,,,,,
power bi data label,50.0,0,0,Low,0.0,,,,,,,,,,,,,,,,,,,
power bi dynamic labels,50.0,0,0,Low,0.0,,,,,,,,,,,,,,,,,,,
power bi label,50.0,0,0,Low,0.0,,,,,,,,,,,,,,,,,,,
power bi map category labels,50.0,0,0,Low,0.0,,,,,,,,,,,,,,,,,,,
power bi map labels,50.0,0,0,Low,0.0,,,,,,,,,,,,,,,,,,,
power bi map with data labels,50.0,0,0,Low,2.0,,,,,,,,,,,,,,,,,,,
power bi matrix repeat row labels,50.0,0,0,Low,0.0,,,,,,,,,,,,,,,,,,,
power bi repeat row labels,50.0,0,0,Low,0.0,,,,,,,,,,,,,,,,,,,
power bi row label,50.0,0,0,Low,0.0,,,,,,,,,,,,,,,,,,,
power bi shape map data labels,50.0,0,0,Low,0.0,,,,,,,,,,,,,,,,,,,
preview annotate,50.0,0,0,Low,0.0,,,,,,,,,,,,,,,,,,,
printing barcode labels from excel,50.0,0,0,Medium,40.0,2.64,18.35,,,,,,,,,,,,,,,,,
prodigy text annotation,50.0,0,0,Low,0.0,,,,,,,,,,,,,,,,,,,
python pdf annotation,50.0,0,0,Low,7.0,,,,,,,,,,,,,,,,,,,
pytorch custom dataset with labels,50.0,0,0,Unknown,,,,,,,,,,,,,,,,,,,,
remarkable 2 annotate pdf,50.0,0,0,Low,7.0,,,,,,,,,,,,,,,,,,,
remarkable 2 pdf annotation,50.0,0,0,Low,0.0,,,,,,,,,,,,,,,,,,,
remarkable annotate pdf,50.0,0,0,Low,5.0,,,,,,,,,,,,,,,,,,,
remarkable pdf annotation,50.0,0,0,Low,21.0,,,,,,,,,,,,,,,,,,,
remote data annotation,50.0,0,0,Medium,35.0,1.08,4.51,,,,,,,,,,,,,,,,,
round bottle label,50.0,0,0,High,100.0,1.1,10.49,,,,,,,,,,,,,,,,,
round container labeling machine,50.0,0,0,High,71.0,,,,,,,,,,,,,,,,,,,
sagemaker ground truth api,50.0,0,0,Low,0.0,,,,,,,,,,,,,,,,,,,
samsung note pdf annotation,50.0,0,0,Low,0.0,,,,,,,,,,,,,,,,,,,
samsung notes annotate pdf,50.0,0,0,Low,0.0,,,,,,,,,,,,,,,,,,,
samsung notes pdf annotation,50.0,0,0,Low,0.0,,,,,,,,,,,,,,,,,,,
sap cds annotations,50.0,0,0,Low,2.0,,,,,,,,,,,,,,,,,,,
sap fiori annotations,50.0,0,0,Low,0.0,,,,,,,,,,,,,,,,,,,
sas sql label,50.0,0,0,Low,0.0,,,,,,,,,,,,,,,,,,,
scatter plot data labels,50.0,0,0,Low,0.0,,,,,,,,,,,,,,,,,,,
scatter plot excel with labels,50.0,0,0,Low,0.0,,,,,,,,,,,,,,,,,,,
sds ghs classification,50.0,0,0,Low,23.0,2.71,6.07,,,,,,,,,,,,,,,,,
self adhesive labelling machine,50.0,0,0,High,97.0,,,,,,,,,,,,,,,,,,,
self training semi supervised learning,50.0,0,0,Low,0.0,,,,,,,,,,,,,,,,,,,
semi auto sticker labeling machine,50.0,0,0,Unknown,,,,,,,,,,,,,,,,,,,,
semi automatic labeling,50.0,0,0,High,100.0,2.49,7.45,,,,,,,,,,,,,,,,,
semi automatic labeling machine price,50.0,0,0,Unknown,,,,,,,,,,,,,,,,,,,,
semi supervised labeling,50.0,0,0,Low,0.0,,,,,,,,,,,,,,,,,,,
semi supervised learning self training,50.0,0,0,Low,0.0,,,,,,,,,,,,,,,,,,,
sharepoint retention label,50.0,0,0,Low,0.0,,,,,,,,,,,,,,,,,,,
simple pdf annotator,50.0,0,0,Medium,61.0,1.44,4.71,,,,,,,,,,,,,,,,,
sisense white labeling,50.0,0,0,Medium,40.0,10.41,87.89,,,,,,,,,,,,,,,,,
snorkel annotation,50.0,0,0,Low,20.0,,,,,,,,,,,,,,,,,,,
social media labelling appen,50.0,0,0,Unknown,,,,,,,,,,,,,,,,,,,,
software to make notes on pdf,50.0,0,0,High,100.0,,,,,,,,,,,,,,,,,,,
software to markup pdf,50.0,0,0,High,76.0,1.79,8.36,,,,,,,,,,,,,,,,,
spreadsheet to labels,50.0,0,0,Low,12.0,,,,,,,,,,,,,,,,,,,
spss data labels,50.0,0,0,Unknown,,,,,,,,,,,,,,,,,,,,
stacked column chart total data label,50.0,0,0,Low,0.0,,,,,,,,,,,,,,,,,,,
stacked column total data label,50.0,0,0,Low,0.0,,,,,,,,,,,,,,,,,,,
sticky notes adobe acrobat,50.0,0,0,Low,2.0,,,,,,,,,,,,,,,,,,,
sumatra pdf annotate,50.0,0,0,Low,3.0,,,,,,,,,,,,,,,,,,,
superannotate github,50.0,0,0,Low,2.0,,,,,,,,,,,,,,,,,,,
supervised machine learning label,50.0,0,0,Unknown,,,,,,,,,,,,,,,,,,,,
surface annotate pdf,50.0,0,0,Low,0.0,,,,,,,,,,,,,,,,,,,
surface pen pdf markup,50.0,0,0,Low,14.0,,,,,,,,,,,,,,,,,,,
surface pro pdf markup,50.0,0,0,Low,0.0,,,,,,,,,,,,,,,,,,,
symbol for skin corrosion,50.0,0,0,Low,0.0,,,,,,,,,,,,,,,,,,,
tableau data labels,50.0,0,0,Low,0.0,,,,,,,,,,,,,,,,,,,
tableau how to repeat row labels,50.0,0,0,Low,0.0,,,,,,,,,,,,,,,,,,,
tableau repeat row labels,50.0,0,0,Low,0.0,,,,,,,,,,,,,,,,,,,
tableau stacked bar chart total label,50.0,0,0,Low,0.0,,,,,,,,,,,,,,,,,,,
tableau stacked bar total label,50.0,0,0,Low,0.0,,,,,,,,,,,,,,,,,,,
taking notes on pdf on ipad,50.0,0,0,Low,0.0,,,,,,,,,,,,,,,,,,,
target label machine learning,50.0,0,0,Low,0.0,,,,,,,,,,,,,,,,,,,
text data annotation,50.0,0,0,Low,14.0,,,,,,,,,,,,,,,,,,,
time series data labeling,50.0,0,0,Medium,46.0,,,,,,,,,,,,,,,,,,,
time series labeling,50.0,0,0,Low,14.0,,,,,,,,,,,,,,,,,,,
tin labeling machine,50.0,0,0,High,100.0,,,,,,,,,,,,,,,,,,,
tool to draw on pdf,50.0,0,0,High,89.0,1.48,4.23,,,,,,,,,,,,,,,,,
training data labeling,50.0,0,0,Low,0.0,,,,,,,,,,,,,,,,,,,
training label,50.0,0,0,Low,5.0,,,,,,,,,,,,,,,,,,,
true label machine learning,50.0,0,0,Low,0.0,,,,,,,,,,,,,,,,,,,
types of data labeling,50.0,0,0,Low,7.0,,,,,,,,,,,,,,,,,,,
ubuntu pdf reader with highlighting,50.0,0,0,Low,0.0,,,,,,,,,,,,,,,,,,,
un 1266 limited quantity,50.0,0,0,Low,0.0,,,,,,,,,,,,,,,,,,,
un3480 lithium battery mark,50.0,0,0,Low,2.0,,,,,,,,,,,,,,,,,,,
un3481 class 9,50.0,0,0,Medium,47.0,,,,,,,,,,,,,,,,,,,
un3481 lithium battery mark,50.0,0,0,High,89.0,4.72,15.52,,,,,,,,,,,,,,,,,
unlabeled data example,50.0,0,0,Low,2.0,,,,,,,,,,,,,,,,,,,
unlabeled data in machine learning,50.0,0,0,Low,0.0,,,,,,,,,,,,,,,,,,,
unlabeled data machine learning,50.0,0,0,Low,0.0,,,,,,,,,,,,,,,,,,,
unnamed pdf annotator,50.0,0,0,Unknown,,,,,,,,,,,,,,,,,,,,
unsupervised learning requires labels,50.0,0,0,Unknown,,,,,,,,,,,,,,,,,,,,
use apple pencil to highlight pdf,50.0,0,0,Low,0.0,,,,,,,,,,,,,,,,,,,
vertical labeling machine,50.0,0,0,High,100.0,,,,,,,,,,,,,,,,,,,
view annotations in pdf,50.0,0,0,Low,24.0,0.86,2.28,,,,,,,,,,,,,,,,,
view comments on a pdf,50.0,0,0,Low,5.0,,,,,,,,,,,,,,,,,,,
view comments on pdf online,50.0,0,0,Low,11.0,,,,,,,,,,,,,,,,,,,
view pdf annotations,50.0,0,0,Low,14.0,,,,,,,,,,,,,,,,,,,
view pdf comments android,50.0,0,0,High,86.0,,,,,,,,,,,,,,,,,,,
web annotation lionbridge,50.0,0,0,Unknown,,,,,,,,,,,,,,,,,,,,
windows draw on pdf,50.0,0,0,Medium,44.0,0.85,4.23,,,,,,,,,,,,,,,,,
windows pdf annotator free,50.0,0,0,Low,31.0,1.25,2.35,,,,,,,,,,,,,,,,,
write notes on pdf ipad,50.0,0,0,Low,0.0,,,,,,,,,,,,,,,,,,,
write notes on pdf windows 10,50.0,0,0,Unknown,,,,,,,,,,,,,,,,,,,,
www pdf annotator com,50.0,0,0,Unknown,,,,,,,,,,,,,,,,,,,,
xodo annotations,50.0,0,0,Low,28.0,1.53,3.38,,,,,,,,,,,,,,,,,
xodo annotator,50.0,0,0,Low,28.0,1.53,3.38,,,,,,,,,,,,,,,,,
xodo google drive,50.0,0,0,Low,0.0,,,,,,,,,,,,,,,,,,,
xodo note taking,50.0,0,0,Low,0.0,,,,,,,,,,,,,,,,,,,
xodo notes,50.0,0,0,Low,1.0,,,,,,,,,,,,,,,,,,,
xodo pdf reader and annotator,50.0,0,0,Low,21.0,0.88,2.53,,,,,,,,,,,,,,,,,
xodo split pdf,50.0,0,0,Low,25.0,,,,,,,,,,,,,,,,,,,
xournal pdf,50.0,0,0,Low,0.0,,,,,,,,,,,,,,,,,,,
zotero annotate pdf,50.0,0,0,Low,1.0,,,,,,,,,,,,,,,,,,,
annotation ai tool,50.0,0,-0.9,Medium,53.0,2.34,7.59,,,,,,,,,,,,,,,,,
pdf highlighter online free,50.0,0,-0.9,High,69.0,0.76,2.06,,,,,,,,,,,,,,,,,
labeling tools for machine learning,50.0,0,-0.9,Low,31.0,,,,,,,,,,,,,,,,,,,
make notes on pdf,50.0,0,-0.9,Medium,62.0,0.98,4.06,,,,,,,,,,,,,,,,,
best pdf annotator,50.0,0,-0.9,Medium,47.0,2.64,5.56,,,,,,,,,,,,,,,,,
data labeling pricing,50.0,0,-0.9,High,100.0,,,,,,,,,,,,,,,,,,,
add annotations to pdf,50.0,0,-0.9,Medium,44.0,1.39,4.51,,,,,,,,,,,,,,,,,
annotate over pdf,50.0,0,-0.9,Medium,66.0,1.58,5.1,,,,,,,,,,,,,,,,,
annotate pdf documents,50.0,0,-0.9,Medium,66.0,1.58,5.1,,,,,,,,,,,,,,,,,
annotate pdf files,50.0,0,-0.9,Medium,60.0,1.53,4.89,,,,,,,,,,,,,,,,,
annotation for pdf,50.0,0,-0.9,Medium,66.0,1.58,5.1,,,,,,,,,,,,,,,,,
adding data labels in excel,50.0,0,-0.9,Low,0.0,,,,,,,,,,,,,,,,,,,
annotate a pdf on mac,50.0,0,-0.9,Medium,46.0,1.82,3.39,,,,,,,,,,,,,,,,,
annotate data meaning,50.0,0,-0.9,Low,1.0,,,,,,,,,,,,,,,,,,,
annotate pdf macbook,50.0,0,-0.9,Medium,46.0,1.82,3.39,,,,,,,,,,,,,,,,,
annotating data means,50.0,0,-0.9,Low,1.0,,,,,,,,,,,,,,,,,,,
highlighting pdf online,50.0,0,-0.9,High,68.0,0.74,3.35,,,,,,,,,,,,,,,,,
unlabeled data,50.0,0,-0.9,Low,0.0,,,,,,,,,,,,,,,,,,,
unlabeled dataset,50.0,0,-0.9,Low,0.0,,,,,,,,,,,,,,,,,,,
unlabelled data,50.0,0,-0.9,Low,0.0,,,,,,,,,,,,,,,,,,,
auto labeling deep learning,50.0,0,-1,Unknown,,,,,,,,,,,,,,,,,,,,
free pdf highlighter for pc,50.0,0,-1,Unknown,,,,,,,,,,,,,,,,,,,,
pdf markup for windows,50.0,0,-1,Unknown,,,,,,,,,,,,,,,,,,,,
machine learning image labeling,50.0,0,-1,Unknown,,,,,,,,,,,,,,,,,,,,
add annotation in pdf,50.0,0,-1,Unknown,,,,,,,,,,,,,,,,,,,,
add comment in pdf online,50.0,0,-1,Unknown,,,,,,,,,,,,,,,,,,,,
add comments to pdf adobe reader,50.0,0,-1,Unknown,,,,,,,,,,,,,,,,,,,,
add sticky notes to pdf online,50.0,0,-1,Unknown,,,,,,,,,,,,,,,,,,,,
adobe acrobat pro draw on pdf,50.0,0,-1,Unknown,,,,,,,,,,,,,,,,,,,,
annotate images for ai answers quiz,50.0,0,-1,Unknown,,,,,,,,,,,,,,,,,,,,
annotate images for ai complete a quick survey,50.0,0,-1,Unknown,,,,,,,,,,,,,,,,,,,,
annotate images for ai quiz,50.0,0,-1,Unknown,,,,,,,,,,,,,,,,,,,,
annotate pdf dropbox ipad,50.0,0,-1,Unknown,,,,,,,,,,,,,,,,,,,,
annotate pdf onedrive,50.0,0,-1,Unknown,,,,,,,,,,,,,,,,,,,,
annotation of data meaning,50.0,0,-1,Unknown,,,,,,,,,,,,,,,,,,,,
annotation software for mac free,50.0,0,-1,Unknown,,,,,,,,,,,,,,,,,,,,
auto label pasting machine,50.0,0,-1,Unknown,,,,,,,,,,,,,,,,,,,,
best free pdf annotator for windows 10,50.0,0,-1,Unknown,,,,,,,,,,,,,,,,,,,,
best pdf annotator for windows 10,50.0,0,-1,Unknown,,,,,,,,,,,,,,,,,,,,
data labeling companies nlp,50.0,0,-1,Unknown,,,,,,,,,,,,,,,,,,,,
data labeling google cloud,50.0,0,-1,Unknown,,,,,,,,,,,,,,,,,,,,
data labels on top of bar chart,50.0,0,-1,Unknown,,,,,,,,,,,,,,,,,,,,
data studio data labels,50.0,0,-1,Unknown,,,,,,,,,,,,,,,,,,,,
devonthink pdf annotation,50.0,0,-1,Unknown,,,,,,,,,,,,,,,,,,,,
draw on acrobat pdf,50.0,0,-1,Unknown,,,,,,,,,,,,,,,,,,,,
draw on pdf acrobat pro,50.0,0,-1,Unknown,,,,,,,,,,,,,,,,,,,,
draw on pdf files windows,50.0,0,-1,Unknown,,,,,,,,,,,,,,,,,,,,
draw on pdf javascript,50.0,0,-1,Unknown,,,,,,,,,,,,,,,,,,,,
drawboard pdf installer,50.0,0,-1,Unknown,,,,,,,,,,,,,,,,,,,,
drawboard pdf pro download,50.0,0,-1,Unknown,,,,,,,,,,,,,,,,,,,,
dropbox highlight pdf,50.0,0,-1,Unknown,,,,,,,,,,,,,,,,,,,,
excel map data labels,50.0,0,-1,Unknown,,,,,,,,,,,,,,,,,,,,
flutter pdf annotation,50.0,0,-1,Unknown,,,,,,,,,,,,,,,,,,,,
free pdf highlighter for mac,50.0,0,-1,Unknown,,,,,,,,,,,,,,,,,,,,
iannotate pdf for windows,50.0,0,-1,Unknown,,,,,,,,,,,,,,,,,,,,
imagedatagenerator labels,50.0,0,-1,Unknown,,,,,,,,,,,,,,,,,,,,
itext annotation,50.0,0,-1,Unknown,,,,,,,,,,,,,,,,,,,,
javascript draw on pdf,50.0,0,-1,Unknown,,,,,,,,,,,,,,,,,,,,
label data science,50.0,0,-1,Unknown,,,,,,,,,,,,,,,,,,,,
label deep learning,50.0,0,-1,Unknown,,,,,,,,,,,,,,,,,,,,
label engineering machine learning,50.0,0,-1,Unknown,,,,,,,,,,,,,,,,,,,,
label generation machine learning,50.0,0,-1,Unknown,,,,,,,,,,,,,,,,,,,,
labeling deep learning,50.0,0,-1,Unknown,,,,,,,,,,,,,,,,,,,,
lidar 3d annotation,50.0,0,-1,Unknown,,,,,,,,,,,,,,,,,,,,
machine learning what is a label,50.0,0,-1,Unknown,,,,,,,,,,,,,,,,,,,,
mark up in pdf,50.0,0,-1,Unknown,,,,,,,,,,,,,,,,,,,,
marking up a pdf document,50.0,0,-1,Unknown,,,,,,,,,,,,,,,,,,,,
markup a pdf online,50.0,0,-1,Unknown,,,,,,,,,,,,,,,,,,,,
markup pdf acrobat,50.0,0,-1,Unknown,,,,,,,,,,,,,,,,,,,,
microsoft drawboard pdf download,50.0,0,-1,Unknown,,,,,,,,,,,,,,,,,,,,
ml data tagging,50.0,0,-1,Unknown,,,,,,,,,,,,,,,,,,,,
ms excel label,50.0,0,-1,Unknown,,,,,,,,,,,,,,,,,,,,
office 365 annotate pdf,50.0,0,-1,Unknown,,,,,,,,,,,,,,,,,,,,
pdf editor online highlight,50.0,0,-1,Unknown,,,,,,,,,,,,,,,,,,,,
pdf highlighter for pc free,50.0,0,-1,Unknown,,,,,,,,,,,,,,,,,,,,
pdf note taking pc,50.0,0,-1,Unknown,,,,,,,,,,,,,,,,,,,,
pdfelement free pdf reader and annotator,50.0,0,-1,Unknown,,,,,,,,,,,,,,,,,,,,
playment annotation,50.0,0,-1,Unknown,,,,,,,,,,,,,,,,,,,,
sensor fusion annotation,50.0,0,-1,Unknown,,,,,,,,,,,,,,,,,,,,
tensorflow dataset labels,50.0,0,-1,Unknown,,,,,,,,,,,,,,,,,,,,
training label machine learning,50.0,0,-1,Unknown,,,,,,,,,,,,,,,,,,,,
unlabeled data classification,50.0,0,-1,Unknown,,,,,,,,,,,,,,,,,,,,
unlabelled data in machine learning,50.0,0,-1,Unknown,,,,,,,,,,,,,,,,,,,,
unlabelled dataset,50.0,0,-1,Unknown,,,,,,,,,,,,,,,,,,,,
data annotation for ai,50.0,-0.9,0,Medium,51.0,3.0,10.58,,,,,,,,,,,,,,,,,
automatic sticker machine,50.0,-0.9,0,Low,28.0,2.95,34.5,,,,,,,,,,,,,,,,,
kami annotate pdf,50.0,-0.9,0,Medium,43.0,1.39,2.44,,,,,,,,,,,,,,,,,
data annotation projects,50.0,-0.9,0,Low,14.0,0.55,3.26,,,,,,,,,,,,,,,,,
automatic label application machine,50.0,-0.9,0,High,100.0,2.21,10.14,,,,,,,,,,,,,,,,,
data annotation definition,50.0,-0.9,0,Low,0.0,,,,,,,,,,,,,,,,,,,
drawboard pdf free,50.0,-0.9,-0.9,Low,9.0,1.71,2.58,,,,,,,,,,,,,,,,,
web page markup tool,50.0,-1,0,Unknown,,,,,,,,,,,,,,,,,,,,
brother pte110 electricians label printing machine,50.0,-1,0,Unknown,,,,,,,,,,,,,,,,,,,,
data annotation for ecommerce,50.0,-1,0,Unknown,,,,,,,,,,,,,,,,,,,,
amazon sagemaker labeling,50.0,-1,0,Unknown,,,,,,,,,,,,,,,,,,,,
adobe acrobat annotations tool,50.0,-1,0,Unknown,,,,,,,,,,,,,,,,,,,,
annotate on word doc,50.0,-1,0,Unknown,,,,,,,,,,,,,,,,,,,,
annotation data science,50.0,-1,0,Unknown,,,,,,,,,,,,,,,,,,,,
annotation of acoustic data,50.0,-1,0,Unknown,,,,,,,,,,,,,,,,,,,,
annotation process medical,50.0,-1,0,Unknown,,,,,,,,,,,,,,,,,,,,
azure unified labeling client download,50.0,-1,0,Unknown,,,,,,,,,,,,,,,,,,,,
best pdf annotator ubuntu,50.0,-1,0,Unknown,,,,,,,,,,,,,,,,,,,,
best pdf highlighter for windows,50.0,-1,0,Unknown,,,,,,,,,,,,,,,,,,,,
cds annotations in sap hana,50.0,-1,0,Unknown,,,,,,,,,,,,,,,,,,,,
data labelling in python,50.0,-1,0,Unknown,,,,,,,,,,,,,,,,,,,,
draw on pdf google,50.0,-1,0,Unknown,,,,,,,,,,,,,,,,,,,,
drawboard pdf for windows 10,50.0,-1,0,Unknown,,,,,,,,,,,,,,,,,,,,
flexcil pdf,50.0,-1,0,Unknown,,,,,,,,,,,,,,,,,,,,
free pdf markup windows,50.0,-1,0,Unknown,,,,,,,,,,,,,,,,,,,,
google line chart annotation example,50.0,-1,0,Unknown,,,,,,,,,,,,,,,,,,,,
highlighter pdf reader,50.0,-1,0,Unknown,,,,,,,,,,,,,,,,,,,,
insurance data annotation,50.0,-1,0,Unknown,,,,,,,,,,,,,,,,,,,,
ipad pro pdf note taking,50.0,-1,0,Unknown,,,,,,,,,,,,,,,,,,,,
javascript annotate pdf,50.0,-1,0,Unknown,,,,,,,,,,,,,,,,,,,,
kami pdf markup,50.0,-1,0,Unknown,,,,,,,,,,,,,,,,,,,,
label data baker,50.0,-1,0,Unknown,,,,,,,,,,,,,,,,,,,,
label data python,50.0,-1,0,Unknown,,,,,,,,,,,,,,,,,,,,
labelled and unlabelled data in machine learning,50.0,-1,0,Unknown,,,,,,,,,,,,,,,,,,,,
labelled data and unlabelled data in machine learning,50.0,-1,0,Unknown,,,,,,,,,,,,,,,,,,,,
labelled dataset meaning,50.0,-1,0,Unknown,,,,,,,,,,,,,,,,,,,,
labels for data,50.0,-1,0,Unknown,,,,,,,,,,,,,,,,,,,,
lidar annotation training,50.0,-1,0,Unknown,,,,,,,,,,,,,,,,,,,,
marking up a pdf in acrobat,50.0,-1,0,Unknown,,,,,,,,,,,,,,,,,,,,
meaning of annotating data,50.0,-1,0,Unknown,,,,,,,,,,,,,,,,,,,,
microsoft office annotate pdf,50.0,-1,0,Unknown,,,,,,,,,,,,,,,,,,,,
moveworks data annotator,50.0,-1,0,Unknown,,,,,,,,,,,,,,,,,,,,
nlp data tagging,50.0,-1,0,Unknown,,,,,,,,,,,,,,,,,,,,
nvidia ai assisted annotation,50.0,-1,0,Unknown,,,,,,,,,,,,,,,,,,,,
onyx boox pdf annotation,50.0,-1,0,Unknown,,,,,,,,,,,,,,,,,,,,
pdf annotator com,50.0,-1,0,Unknown,,,,,,,,,,,,,,,,,,,,
pdf editor ipad pencil,50.0,-1,0,Unknown,,,,,,,,,,,,,,,,,,,,
pdf reader with highlighter for windows 10,50.0,-1,0,Unknown,,,,,,,,,,,,,,,,,,,,
pdf reader with note taking windows,50.0,-1,0,Unknown,,,,,,,,,,,,,,,,,,,,
power bi radar chart data labels,50.0,-1,0,Unknown,,,,,,,,,,,,,,,,,,,,
read and highlight pdf on ipad,50.0,-1,0,Unknown,,,,,,,,,,,,,,,,,,,,
retail data annotation,50.0,-1,0,Unknown,,,,,,,,,,,,,,,,,,,,
scrivener pdf annotation,50.0,-1,0,Unknown,,,,,,,,,,,,,,,,,,,,
mt 50 semi automatic labeling machine,50.0,-1,-1,Unknown,,,,,,,,,,,,,,,,,,,,
dataloop annotation tool,50.0,-1,-1,Unknown,,,,,,,,,,,,,,,,,,,,
annotation online tool free,50.0,-1,-1,Unknown,,,,,,,,,,,,,,,,,,,,
best image annotation companies,50.0,-1,-1,Unknown,,,,,,,,,,,,,,,,,,,,
annotating images for deep learning,50.0,-1,-1,Unknown,,,,,,,,,,,,,,,,,,,,
automatic label printing machine,50.0,-1,-1,Unknown,,,,,,,,,,,,,,,,,,,,
automatic label sticking machine,50.0,-1,-1,Unknown,,,,,,,,,,,,,,,,,,,,
pdf highlighter for pc,50.0,-1,-1,Unknown,,,,,,,,,,,,,,,,,,,,
pdf annotator alternative,50.0,-1,-1,Unknown,,,,,,,,,,,,,,,,,,,,
pdf editor with pen,50.0,-1,-1,Unknown,,,,,,,,,,,,,,,,,,,,
labeling for machine learning,50.0,-1,-1,Unknown,,,,,,,,,,,,,,,,,,,,
annotate images for ai answers,50.0,-1,-1,Unknown,,,,,,,,,,,,,,,,,,,,
cloud annotations ai,50.0,-1,-1,Unknown,,,,,,,,,,,,,,,,,,,,
pspdfkit annotations,50.0,-1,-1,Unknown,,,,,,,,,,,,,,,,,,,,
pdf mark up software,50.0,-1,-1,Unknown,,,,,,,,,,,,,,,,,,,,
add comments to pdf online free,50.0,-1,-1,Unknown,,,,,,,,,,,,,,,,,,,,
automatic square bottle labeling machine,50.0,-1,-1,Unknown,,,,,,,,,,,,,,,,,,,,
annotate images for machine learning,50.0,-1,-1,Unknown,,,,,,,,,,,,,,,,,,,,
sticker labeling machine for round bottle,50.0,-1,-1,Unknown,,,,,,,,,,,,,,,,,,,,
data labeling python,50.0,-1,-1,Unknown,,,,,,,,,,,,,,,,,,,,
retail data labeling,50.0,-1,-1,Unknown,,,,,,,,,,,,,,,,,,,,
acrobat pro draw on pdf,50.0,-1,-1,Unknown,,,,,,,,,,,,,,,,,,,,
adobe markup software,50.0,-1,-1,Unknown,,,,,,,,,,,,,,,,,,,,
android pdf reader with highlighting,50.0,-1,-1,Unknown,,,,,,,,,,,,,,,,,,,,
annotate pdf goodnotes,50.0,-1,-1,Unknown,,,,,,,,,,,,,,,,,,,,
annotate pdf in apple notes,50.0,-1,-1,Unknown,,,,,,,,,,,,,,,,,,,,
annotate pdf in browser,50.0,-1,-1,Unknown,,,,,,,,,,,,,,,,,,,,
annotate pdf notion,50.0,-1,-1,Unknown,,,,,,,,,,,,,,,,,,,,
annotating data definition,50.0,-1,-1,Unknown,,,,,,,,,,,,,,,,,,,,
annotating data for machine learning,50.0,-1,-1,Unknown,,,,,,,,,,,,,,,,,,,,
annotation in computer vision,50.0,-1,-1,Unknown,,,,,,,,,,,,,,,,,,,,
annotation in pdf viewer,50.0,-1,-1,Unknown,,,,,,,,,,,,,,,,,,,,
annotation meaning in machine learning,50.0,-1,-1,Unknown,,,,,,,,,,,,,,,,,,,,
annotation of aerial photography,50.0,-1,-1,Unknown,,,,,,,,,,,,,,,,,,,,
annotation tool adobe acrobat,50.0,-1,-1,Unknown,,,,,,,,,,,,,,,,,,,,
aspose pdf annotations,50.0,-1,-1,Unknown,,,,,,,,,,,,,,,,,,,,
best free pdf annotator mac,50.0,-1,-1,Unknown,,,,,,,,,,,,,,,,,,,,
best free pdf markup tool,50.0,-1,-1,Unknown,,,,,,,,,,,,,,,,,,,,
best ipad pdf markup,50.0,-1,-1,Unknown,,,,,,,,,,,,,,,,,,,,
best pdf annotator windows reddit,50.0,-1,-1,Unknown,,,,,,,,,,,,,,,,,,,,
best pdf editor for apple pencil,50.0,-1,-1,Unknown,,,,,,,,,,,,,,,,,,,,
best pdf reader with annotation,50.0,-1,-1,Unknown,,,,,,,,,,,,,,,,,,,,
best pdf reader with highlighter,50.0,-1,-1,Unknown,,,,,,,,,,,,,,,,,,,,
boox note air pdf annotation,50.0,-1,-1,Unknown,,,,,,,,,,,,,,,,,,,,
comment pdf free,50.0,-1,-1,Unknown,,,,,,,,,,,,,,,,,,,,
custom label metadata,50.0,-1,-1,Unknown,,,,,,,,,,,,,,,,,,,,
data label total stacked column,50.0,-1,-1,Unknown,,,,,,,,,,,,,,,,,,,,
data labeling types,50.0,-1,-1,Unknown,,,,,,,,,,,,,,,,,,,,
data labels in bar chart,50.0,-1,-1,Unknown,,,,,,,,,,,,,,,,,,,,
devonthink annotate pdf,50.0,-1,-1,Unknown,,,,,,,,,,,,,,,,,,,,
draw in pdf acrobat,50.0,-1,-1,Unknown,,,,,,,,,,,,,,,,,,,,
drawboard pdf manual,50.0,-1,-1,Unknown,,,,,,,,,,,,,,,,,,,,
flat bag labeling machine,50.0,-1,-1,Unknown,,,,,,,,,,,,,,,,,,,,
flat bottle sticker labeling machine,50.0,-1,-1,Unknown,,,,,,,,,,,,,,,,,,,,
google data studio white label,50.0,-1,-1,Unknown,,,,,,,,,,,,,,,,,,,,
guide to data labeling,50.0,-1,-1,Unknown,,,,,,,,,,,,,,,,,,,,
handwriting on pdf online,50.0,-1,-1,Unknown,,,,,,,,,,,,,,,,,,,,
incremental learning in semantic segmentation from image labels,50.0,-1,-1,Unknown,,,,,,,,,,,,,,,,,,,,
ipad make notes on pdf,50.0,-1,-1,Unknown,,,,,,,,,,,,,,,,,,,,
label data in python,50.0,-1,-1,Unknown,,,,,,,,,,,,,,,,,,,,
label dataset machine learning,50.0,-1,-1,Unknown,,,,,,,,,,,,,,,,,,,,
mac pdf comments,50.0,-1,-1,Unknown,,,,,,,,,,,,,,,,,,,,
machine learning video annotation,50.0,-1,-1,Unknown,,,,,,,,,,,,,,,,,,,,
make notes on pdf mac,50.0,-1,-1,Unknown,,,,,,,,,,,,,,,,,,,,
mendeley export pdf with annotations,50.0,-1,-1,Unknown,,,,,,,,,,,,,,,,,,,,
microsoft surface annotate pdf,50.0,-1,-1,Unknown,,,,,,,,,,,,,,,,,,,,
mitre annotation toolkit,50.0,-1,-1,Unknown,,,,,,,,,,,,,,,,,,,,
online pdf reader with annotation,50.0,-1,-1,Unknown,,,,,,,,,,,,,,,,,,,,
pdf annotation tablet,50.0,-1,-1,Unknown,,,,,,,,,,,,,,,,,,,,
pdf annotator for ubuntu,50.0,-1,-1,Unknown,,,,,,,,,,,,,,,,,,,,
pdf link annotation,50.0,-1,-1,Unknown,,,,,,,,,,,,,,,,,,,,
pdf markup google drive,50.0,-1,-1,Unknown,,,,,,,,,,,,,,,,,,,,
pdf markup tablet,50.0,-1,-1,Unknown,,,,,,,,,,,,,,,,,,,,
pdf reader with highlighter for windows 7,50.0,-1,-1,Unknown,,,,,,,,,,,,,,,,,,,,
preview draw on pdf,50.0,-1,-1,Unknown,,,,,,,,,,,,,,,,,,,,
react pdf annotation example,50.0,-1,-1,Unknown,,,,,,,,,,,,,,,,,,,,
read and annotate pdf on ipad,50.0,-1,-1,Unknown,,,,,,,,,,,,,,,,,,,,
rotary sticker labeling machine,50.0,-1,-1,Unknown,,,,,,,,,,,,,,,,,,,,
self labeling machine learning,50.0,-1,-1,Unknown,,,,,,,,,,,,,,,,,,,,
semi automatic square bottle labeling machine,50.0,-1,-1,Unknown,,,,,,,,,,,,,,,,,,,,
sensor data annotation,50.0,-1,-1,Unknown,,,,,,,,,,,,,,,,,,,,
tableau box plot labels,50.0,-1,-1,Unknown,,,,,,,,,,,,,,,,,,,,
tablet pdf note taking,50.0,-1,-1,Unknown,,,,,,,,,,,,,,,,,,,,
telus international annotator,50.0,-1,-1,Unknown,,,,,,,,,,,,,,,,,,,,
vertex data labeling,50.0,-1,-1,Unknown,,,,,,,,,,,,,,,,,,,,
video annotation machine learning,50.0,-1,-1,Unknown,,,,,,,,,,,,,,,,,,,,
windows markup pdf,50.0,-1,-1,Unknown,,,,,,,,,,,,,,,,,,,,
adobe reader annotate pdf files,0.0,0,0,Unknown,,,,,,,,,,,,,,,,,,,,
alternative pdf annotator,0.0,0,0,Unknown,,,,,,,,,,,,,,,,,,,,
annotating an electronic pdf document,0.0,0,0,Unknown,,,,,,,,,,,,,,,,,,,,
annotatorsourcing telusinternational ai,0.0,0,0,Unknown,,,,,,,,,,,,,,,,,,,,
data annotator taskers,0.0,0,0,Unknown,,,,,,,,,,,,,,,,,,,,
data label pada excel,0.0,0,0,Unknown,,,,,,,,,,,,,,,,,,,,
data labelling adalah,0.0,0,0,Unknown,,,,,,,,,,,,,,,,,,,,
data labelling jobs in amazon,0.0,0,0,Unknown,,,,,,,,,,,,,,,,,,,,
download pdf reader with highlighter,0.0,0,0,Unknown,,,,,,,,,,,,,,,,,,,,
drawboard pdf free download for windows 7,0.0,0,0,Unknown,,,,,,,,,,,,,,,,,,,,
google data studio data labels overlap,0.0,0,0,Unknown,,,,,,,,,,,,,,,,,,,,
ground truth labeling is,0.0,0,0,Unknown,,,,,,,,,,,,,,,,,,,,
highlighter in pdf reader,0.0,0,0,Unknown,,,,,,,,,,,,,,,,,,,,
label data with,0.0,0,0,Unknown,,,,,,,,,,,,,,,,,,,,
label openai,0.0,0,0,Unknown,,,,,,,,,,,,,,,,,,,,
labelbox blueprint,0.0,0,0,Unknown,,,,,,,,,,,,,,,,,,,,
markup annotation expert,0.0,0,0,Unknown,,,,,,,,,,,,,,,,,,,,
nebo note taking & annotation,0.0,0,0,Unknown,,,,,,,,,,,,,,,,,,,,
pdf annotate js angular,0.0,0,0,Unknown,,,,,,,,,,,,,,,,,,,,
pdf annotation using javascript,0.0,0,0,Unknown,,,,,,,,,,,,,,,,,,,,
pdf annotation using python,0.0,0,0,Unknown,,,,,,,,,,,,,,,,,,,,
pdf annotator 8.0 0.833,0.0,0,0,Unknown,,,,,,,,,,,,,,,,,,,,
pdf highlighter for pc free download,0.0,0,0,Unknown,,,,,,,,,,,,,,,,,,,,
pdf markup software windows 10,0.0,0,0,Unknown,,,,,,,,,,,,,,,,,,,,
pdf reader and annotator for windows,0.0,0,0,Unknown,,,,,,,,,,,,,,,,,,,,
pdf reader with highlighter ubuntu,0.0,0,0,Unknown,,,,,,,,,,,,,,,,,,,,
true data labeling,0.0,0,0,Unknown,,,,,,,,,,,,,,,,,,,,
unnamed pdf pdf annotator,0.0,0,0,Unknown,,,,,,,,,,,,,,,,,,,,
we use labelled data in machine learning,0.0,0,0,Unknown,,,,,,,,,,,,,,,,,,,,
web annotation telus,0.0,0,0,Unknown,,,,,,,,,,,,,,,,,,,,
web annotator telus,0.0,0,0,Unknown,,,,,,,,,,,,,,,,,,,,
data annotator keeptruckin,0.0,0,-1,Unknown,,,,,,,,,,,,,,,,,,,,
direct labeling machine learning,0.0,0,-1,Unknown,,,,,,,,,,,,,,,,,,,,
iannotate for windows 10,0.0,0,-1,Unknown,,,,,,,,,,,,,,,,,,,,
pdf annotator 8.0 0.837,0.0,0,-1,Unknown,,,,,,,,,,,,,,,,,,,,
elucidata data labelling,, --, --,Unknown,,,,,,,,,,,,,,,,,,,,
pdf labelling,, --, --,Unknown,,,,,,,,,,,,,,,,,,,,
